AnnualRainfall,CloudVisibility,Temperature,Humidity,SeasonalRainfall,Flood
1398.69,3.97,23.68,53.29,395.05,0
1144.69,5.57,27.84,60.54,324.45,0
1459.08,3.62,28.09,55.87,374.14,0
1809.21,5.08,30.36,61.78,507.21,1
1106.34,0.32,21.17,66.79,591.68,1
1106.35,6.64,30.96,82.56,485.57,0
1831.69,6.0,14.48,65.18,415.26,1
1506.97,3.55,24.85,46.22,624.7,1
1012.21,7.98,25.56,87.1,353.07,0
1417.02,8.81,31.17,57.44,554.64,1
1014.63,1.18,28.11,69.12,356.79,1
1013.71,3.71,20.97,76.7,464.65,1
1296.78,3.69,23.08,72.99,382.97,0
434.69,3.18,28.99,86.41,391.62,0
510.03,8.49,27.6,77.19,343.39,0
975.08,5.42,25.1,57.08,601.73,1
794.87,5.21,25.6,100.0,290.06,0
1325.7,0.0,31.48,72.92,288.97,1
836.79,7.91,25.41,67.79,718.15,0
635.08,2.28,27.56,84.46,546.68,1
1786.26,6.18,38.85,73.74,50.0,1
1109.69,6.83,20.88,75.99,315.21,1
1227.01,10.08,18.74,100.0,128.2,1
630.1,2.07,31.92,65.87,257.4,0
982.25,0.0,24.61,65.23,50.0,0
1244.37,6.55,26.41,71.75,379.45,1
739.6,11.4,24.09,86.07,228.71,0
1350.28,9.72,26.7,47.4,408.99,0
959.74,6.63,35.99,40.52,156.23,0
1083.32,4.53,32.01,61.19,412.44,0
959.32,8.42,32.31,45.49,337.76,0
1940.91,3.08,20.92,63.63,625.29,1
1194.6,7.43,22.24,77.54,611.7,1
776.92,7.52,13.8,56.64,517.8,0
1529.02,9.18,23.95,48.6,351.01,0
711.66,14.28,32.78,71.04,697.81,0
1283.55,7.18,30.58,82.94,167.04,0
416.13,4.47,26.89,44.58,189.47,0
668.73,5.92,27.89,82.3,387.43,0
1278.74,0.69,24.56,82.26,738.11,1
1495.39,3.92,29.02,84.31,369.65,1
1268.55,4.77,31.83,88.28,372.51,1
1153.74,4.43,19.92,100.0,183.71,1
1079.56,6.46,29.5,64.66,541.89,1
608.59,3.53,32.66,71.64,542.98,0
912.06,9.36,25.92,63.75,518.36,0
1015.74,6.0,31.5,70.03,305.62,0
1622.85,5.97,42.07,92.99,293.99,1
1337.45,5.02,27.48,49.82,206.03,0
494.78,6.47,29.97,57.08,412.58,0
1329.63,8.48,24.31,90.66,237.94,0
1045.97,3.4,28.91,85.3,223.39,1
929.23,4.03,30.3,64.55,336.45,0
1444.67,5.09,28.97,82.82,326.63,0
1612.4,1.96,22.9,75.12,319.3,1
1572.51,3.54,29.03,92.5,469.97,1
864.31,4.57,35.31,71.12,411.86,0
1076.32,8.62,30.24,85.38,356.78,0
1332.51,6.79,32.81,100.0,427.45,1
1590.22,6.58,26.81,78.97,251.27,0
1008.33,8.55,31.75,70.74,415.79,0
1125.74,5.59,29.4,80.84,422.59,1
757.47,7.17,23.25,64.52,174.54,0
721.52,5.69,29.59,100.0,549.35,1
1525.01,6.8,23.04,72.7,267.78,0
1742.5,4.25,24.84,65.91,413.55,1
1171.2,0.0,28.95,57.46,574.66,1
1601.41,5.6,29.49,86.46,538.85,1
1344.65,10.27,22.05,83.01,405.15,1
941.95,8.78,33.27,62.54,345.63,0
1344.56,8.9,30.86,78.65,542.13,1
1815.21,9.71,24.48,47.37,501.2,0
1185.67,6.27,20.31,72.77,307.25,1
1825.86,6.59,27.28,76.79,280.77,1
200.0,4.15,25.77,95.61,89.15,0
1528.76,5.05,28.57,58.44,423.1,1
1234.82,7.85,26.18,50.82,387.6,0
1080.4,9.61,17.96,56.57,570.43,0
1236.7,5.58,26.06,49.95,453.86,1
404.97,4.65,26.47,90.05,600.13,0
1112.13,6.0,31.17,93.23,295.4,1
1342.85,7.8,24.51,74.8,570.72,0
1791.16,1.67,36.39,88.32,320.66,1
992.69,0.0,18.44,72.01,516.64,1
876.6,4.35,34.56,68.57,181.19,0
999.3,2.34,26.88,65.0,435.27,1
1566.16,4.48,32.3,65.34,102.3,0
1331.5,5.56,28.4,46.78,359.93,0
988.1,4.64,33.7,73.96,466.05,1
1405.31,10.36,26.06,69.39,321.85,1
1238.83,6.98,22.51,81.18,242.43,0
1587.46,6.9,35.1,71.4,526.92,1
919.18,7.87,27.43,67.56,384.48,0
1068.94,2.58,29.11,56.93,326.56,0
1043.16,9.12,34.17,71.08,406.28,0
614.59,5.77,22.84,81.07,795.5,1
1318.45,8.01,30.98,52.85,573.03,1
1304.42,2.78,25.05,71.31,574.39,1
1202.05,1.34,27.34,73.5,465.33,1
1106.17,8.45,28.36,59.23,424.97,0
633.85,7.13,20.5,61.18,50.0,0
1031.74,3.29,24.11,73.46,298.15,0
1062.91,3.39,34.76,53.0,327.91,0
879.09,9.38,32.43,75.25,118.77,0
1135.49,2.43,27.69,56.57,226.39,0
1361.62,10.93,29.22,85.94,102.87,0
1954.47,3.3,26.53,100.0,394.25,1
1269.83,7.92,34.78,57.09,522.81,0
1303.02,5.01,27.0,78.01,566.02,1
1170.22,7.81,29.16,59.1,462.22,1
432.49,4.37,33.73,85.61,255.49,0
1189.39,5.51,24.11,51.02,110.19,0
1224.09,6.12,35.79,77.21,136.47,0
2185.3,2.99,20.35,56.91,209.65,1
1123.06,8.22,36.15,66.9,266.67,0
1320.62,4.46,26.14,54.53,376.04,0
1186.12,5.31,26.79,82.34,247.88,1
732.53,3.02,18.55,57.45,450.85,0
1657.13,0.0,25.73,78.28,365.16,1
1500.77,5.43,22.8,64.84,401.58,0
1516.41,13.24,24.96,68.28,571.04,1
836.25,8.35,27.31,72.22,222.97,0
1761.12,5.94,32.79,58.57,462.81,1
639.26,5.21,29.04,73.16,397.9,0
1434.74,6.07,29.54,92.96,349.98,1
2076.18,7.64,22.52,58.33,532.79,1
803.79,2.46,23.6,87.58,531.85,1
973.48,9.34,36.99,92.47,258.03,0
1239.86,8.15,24.32,57.76,372.68,0
998.61,8.15,36.28,48.17,442.18,0
579.73,7.32,26.78,74.53,359.05,0
1227.43,6.06,28.01,61.79,487.75,0
775.08,8.02,33.35,98.03,442.18,0
1389.44,7.78,34.36,70.52,674.88,1
832.23,4.94,27.45,57.97,170.46,0
1819.97,4.28,26.06,52.79,381.63,1
886.7,6.31,27.72,86.35,263.72,0
1071.18,10.65,29.69,61.43,490.62,0
1525.41,2.28,32.46,70.66,157.42,1
707.65,1.6,28.02,84.34,451.95,0
1290.98,6.49,31.09,62.74,305.49,0
1722.86,6.15,36.19,69.31,289.88,1
557.01,6.52,29.91,69.75,183.03,0
1273.85,6.73,29.56,80.25,330.24,0
1303.95,5.33,20.41,78.86,562.68,1
1512.73,10.47,14.85,66.7,396.22,1
705.22,1.2,29.94,70.95,494.15,0
671.82,3.51,27.53,64.42,649.7,1
1408.78,5.69,25.43,47.84,439.56,0
1318.79,1.07,29.22,73.86,316.18,1
1300.2,5.47,27.7,98.38,470.09,1
1338.58,10.98,33.64,56.74,318.36,0
927.99,6.06,28.43,58.4,324.34,0
1292.9,6.69,24.27,56.94,172.02,0
1317.23,2.22,32.95,80.87,538.94,1
914.26,4.15,26.91,76.73,342.1,1
1946.31,4.87,30.63,67.62,427.31,1
1389.53,5.05,25.61,56.23,244.61,0
723.48,9.84,24.75,71.39,465.39,0
1462.62,7.67,28.42,46.53,285.71,1
810.13,2.67,28.06,72.15,378.74,0
1514.83,6.74,30.4,83.07,531.67,1
1663.44,7.49,26.66,51.23,518.61,1
871.73,9.42,18.82,47.01,396.7,0
1585.35,10.74,25.84,93.69,134.78,0
1365.11,2.95,31.97,60.82,848.92,1
1528.82,3.57,26.51,87.04,661.88,1
1958.72,2.23,26.77,67.69,508.4,1
1101.84,5.3,32.93,67.57,287.02,0
898.51,7.4,24.44,76.58,382.96,0
844.19,8.96,20.29,56.74,318.49,0
873.68,5.77,27.2,71.99,589.58,1
1169.16,5.04,25.58,64.28,439.38,1
1336.46,6.46,23.17,50.19,282.38,0
1310.68,3.49,27.12,75.06,329.39,0
1530.87,12.27,30.46,66.05,568.18,1
1205.2,1.18,27.95,67.64,640.01,1
1781.41,6.55,29.53,51.85,629.25,1
1094.14,12.07,37.07,93.87,513.55,1
2288.07,6.02,26.29,83.15,362.11,1
1450.27,5.43,29.39,84.46,50.0,0
857.14,4.93,25.45,65.42,444.57,0
771.64,5.46,23.77,44.06,399.73,0
1392.99,10.12,25.08,99.29,421.0,1
1110.61,0.0,25.61,69.08,408.08,1
1485.6,10.6,29.8,58.77,201.06,1
1389.3,1.73,39.75,76.25,483.61,1
1170.87,5.2,24.42,87.51,494.83,1
861.28,4.71,25.92,69.65,502.35,1
594.06,7.77,27.68,89.18,541.99,1
1021.39,1.21,29.98,86.24,490.61,1
1542.56,7.39,29.32,53.85,338.5,0
1285.64,12.07,34.42,59.89,389.37,0
701.7,1.91,15.87,84.36,413.67,1
1269.27,6.57,16.07,29.31,416.15,0
1354.13,4.01,25.52,67.76,549.73,1
846.46,7.28,33.49,48.54,496.55,0
1261.49,6.06,20.17,62.85,711.6,1
1223.28,4.08,12.96,65.52,730.97,1
742.81,7.46,30.86,64.63,411.95,0
1343.11,11.41,29.22,61.72,50.0,0
1424.31,5.43,22.55,53.54,585.52,1
1633.22,8.16,23.07,100.0,318.94,1
1621.52,2.12,23.15,98.01,279.78,1
648.93,3.13,28.55,52.57,340.23,0
824.87,7.42,24.87,93.73,333.0,1
1406.01,10.45,30.47,64.01,491.84,1
1405.51,7.07,13.73,71.94,166.08,0
1406.02,5.06,23.72,69.05,238.34,0
2741.09,6.0,22.37,60.1,451.47,1
1428.36,2.25,26.72,84.76,493.44,1
1654.23,7.81,25.31,71.89,496.23,1
1581.6,8.65,31.99,62.85,281.94,1
1460.56,4.64,18.7,50.43,253.26,0
1073.89,4.59,28.23,56.6,324.0,0
1503.59,6.8,30.79,45.38,435.98,0
890.87,4.69,37.28,70.18,622.82,1
1105.27,5.8,25.59,52.05,92.88,0
1005.85,12.3,29.62,66.02,366.89,0
1232.75,5.26,18.98,90.55,200.1,1
2125.86,4.92,16.04,87.99,152.16,1
453.09,4.06,32.22,69.52,545.04,0
1474.5,8.23,27.97,68.69,481.69,0
554.91,5.46,33.89,98.2,467.42,1
1011.23,4.05,21.13,77.81,538.15,1
1635.58,9.96,30.6,65.08,328.04,1
1225.71,10.26,37.34,48.61,335.1,0
768.9,4.2,30.1,75.91,727.86,1
913.88,0.4,29.38,82.44,363.01,1
1471.84,9.02,28.04,60.53,510.27,0
907.85,3.95,20.15,74.37,400.96,1
1286.58,8.37,34.78,64.55,122.76,0
1218.23,0.09,24.95,67.24,93.31,0
939.36,8.68,30.52,32.68,313.15,0
2057.58,2.37,20.18,66.67,558.42,1
1453.57,8.19,22.1,84.54,518.24,1
389.94,6.04,35.18,60.53,537.11,0
1274.58,3.14,26.26,70.79,251.94,0
935.29,4.78,35.27,58.66,642.38,0
1540.97,8.06,27.61,75.41,255.27,1
882.99,6.32,18.79,66.75,431.92,1
1154.11,7.75,32.46,55.91,398.45,0
1401.99,11.93,25.05,89.99,373.92,0
1546.3,1.31,31.49,83.93,600.79,1
719.88,10.85,28.13,60.93,294.23,0
1066.2,6.31,20.28,77.47,197.56,0
1010.02,3.3,28.82,78.06,403.0,0
938.67,2.01,38.98,79.63,340.03,1
1906.18,5.43,30.46,44.59,906.61,1
1361.99,8.76,27.71,85.1,501.48,1
695.65,5.62,33.38,61.45,338.6,0
1567.14,10.53,29.05,64.63,241.58,0
2048.86,1.65,29.05,100.0,117.96,1
1612.99,5.96,22.54,74.53,246.22,0
592.25,2.24,29.17,64.21,417.24,0
1006.31,7.09,33.18,36.92,614.1,0
1706.76,8.66,23.82,90.85,568.25,1
916.93,4.74,35.12,49.82,434.36,0
1377.53,0.0,27.54,54.95,351.52,1
1509.85,6.6,23.56,65.03,440.32,1
829.23,7.31,32.99,91.25,322.2,0
1176.19,7.21,26.57,81.6,657.75,1
200.0,9.71,31.8,67.63,371.62,0
790.24,2.79,26.54,74.62,387.05,0
1098.97,8.04,27.7,60.99,67.63,0
700.89,9.58,30.47,72.09,370.68,0
1852.96,0.66,29.45,71.1,525.47,1
627.94,6.96,18.02,84.53,239.84,0
1023.98,4.49,22.39,84.51,287.39,0
1252.3,5.76,32.65,77.41,518.91,1
1776.51,7.04,27.34,64.56,178.5,0
625.66,4.54,25.38,81.13,558.67,0
1665.27,3.97,21.21,68.62,320.18,1
1204.09,6.1,22.6,53.77,341.71,1
807.4,2.74,17.89,63.95,231.42,0
1384.84,2.74,27.49,71.27,456.71,1
1279.62,8.04,25.01,83.65,768.98,1
959.91,2.55,23.17,67.25,517.22,1
1227.92,8.0,27.66,51.86,270.36,0
1045.87,7.39,29.82,70.85,570.34,1
1245.41,0.82,38.47,71.7,352.5,1
1464.85,3.97,20.44,72.79,606.17,1
1834.41,9.58,33.8,83.8,521.0,1
704.87,3.06,32.87,85.28,50.0,0
2053.21,4.61,24.1,61.09,249.39,1
419.16,7.39,29.02,60.76,541.66,0
1139.29,8.35,25.71,54.4,422.75,0
1435.33,5.25,28.93,80.48,246.44,1
1312.4,4.21,35.55,91.73,304.96,1
950.92,10.27,31.03,65.27,114.06,0
1116.75,11.22,30.54,66.38,386.74,0
1002.8,8.94,25.85,92.0,731.6,1
964.25,6.26,20.58,77.58,520.74,0
1539.84,3.58,26.96,76.54,728.56,1
1342.81,3.51,34.03,52.14,532.36,1
922.84,7.57,20.36,80.18,554.12,0
1559.84,7.26,22.72,56.06,696.11,0
1322.92,10.2,28.63,52.99,456.59,1
1525.14,7.95,23.08,64.8,371.92,1
1451.85,1.49,24.04,61.21,554.9,1
868.4,9.16,25.88,66.68,618.08,1
975.93,3.01,21.17,48.39,328.01,0
1498.92,4.85,23.13,84.38,291.76,1
1444.15,6.75,31.52,86.92,420.83,1
1191.64,11.99,21.46,40.79,524.72,0
1246.93,15.0,20.01,84.68,519.71,0
1711.07,7.82,24.85,57.84,186.37,0
963.37,5.45,31.66,82.85,686.74,1
1418.84,7.6,27.02,68.97,303.83,0
1119.12,8.66,25.68,70.43,360.24,0
1112.93,5.04,28.22,67.22,264.6,0
1639.51,11.39,19.27,88.18,804.75,1
1530.17,6.69,30.47,51.41,436.31,0
1525.4,7.49,29.92,79.12,272.35,1
1722.19,8.0,25.95,86.52,529.59,1
1208.4,7.26,33.03,80.75,515.37,1
1472.78,8.52,22.36,100.0,371.84,1
1075.89,4.15,33.64,62.07,526.09,0
1329.67,4.33,28.77,84.36,276.21,1
1147.94,2.7,26.32,68.41,326.06,1
1238.8,7.32,27.9,88.5,98.47,0
1438.06,8.34,27.46,69.88,201.41,0
872.71,7.37,34.1,64.18,671.14,1
2036.95,11.02,22.62,89.59,646.21,1
797.59,5.98,24.19,62.63,409.87,0
714.32,8.01,33.18,48.81,649.44,0
1663.24,2.72,25.02,62.25,375.99,1
1516.67,4.84,32.5,79.29,363.49,1
1449.65,8.09,36.5,90.88,408.48,1
1451.34,8.55,25.99,71.67,381.26,1
1195.1,5.12,31.41,89.77,367.72,1
841.1,5.79,22.23,49.63,571.51,0
1230.32,1.45,31.77,63.35,422.52,1
929.14,4.93,29.0,65.67,506.87,0
1590.05,8.67,30.37,68.28,554.71,1
1141.18,7.73,24.77,71.26,458.23,0
869.8,7.5,19.69,80.36,254.46,0
1071.45,6.15,30.52,63.33,197.07,1
1365.17,6.02,17.68,72.09,422.32,1
974.51,4.02,26.41,69.32,374.31,0
871.11,8.1,32.71,56.11,413.11,0
1297.47,7.26,28.96,68.29,397.59,0
1297.99,7.48,37.74,67.85,787.54,1
997.22,4.42,33.13,67.52,200.47,0
1011.58,0.0,24.73,70.48,101.51,0
1292.82,9.29,28.14,71.14,449.86,0
620.77,4.56,27.76,63.52,343.54,0
637.01,3.41,20.09,89.09,447.41,1
912.62,8.08,23.3,52.46,487.58,0
1114.62,4.82,25.2,59.19,592.62,1
1324.36,9.18,17.82,100.0,173.92,0
1790.14,7.85,28.24,54.43,316.49,0
1543.06,8.05,26.75,49.69,464.31,0
1136.02,1.9,19.64,81.02,515.57,1
1192.39,9.64,30.02,38.84,729.02,1
798.99,6.78,31.58,66.47,543.36,1
1192.59,4.89,29.14,100.0,391.48,1
1084.54,6.43,26.38,46.83,266.43,0
1329.09,0.67,30.96,40.27,315.36,0
869.11,7.23,31.4,47.51,311.09,0
1407.74,2.91,29.54,83.48,498.29,1
1813.1,1.94,23.88,86.87,438.55,1
1156.5,1.43,29.38,62.31,201.45,0
1360.68,9.34,33.98,80.25,334.61,0
1476.06,4.11,25.02,90.85,531.63,1
1039.51,10.6,38.49,96.81,452.75,1
1289.64,4.39,25.37,66.3,485.3,0
1205.04,0.88,28.16,35.48,457.44,1
1239.07,2.65,24.64,57.69,643.96,1
890.8,9.71,29.12,63.6,435.41,1
1209.8,5.53,19.29,66.12,342.1,0
1399.2,4.36,25.27,67.18,262.64,0
1780.46,6.48,22.54,86.78,437.44,1
1583.71,7.51,28.68,89.12,50.0,0
2061.27,9.35,32.97,67.42,372.36,1
893.06,10.35,31.23,86.48,369.12,0
1548.93,4.92,16.14,75.36,195.33,1
1273.34,2.02,38.21,70.97,260.76,1
2075.92,4.76,29.48,83.6,521.45,1
876.68,6.78,24.12,71.08,434.61,0
864.11,3.11,28.79,100.0,415.27,1
960.24,3.13,28.88,48.42,445.95,1
350.44,7.03,24.67,62.27,413.89,0
989.7,5.85,28.99,68.1,586.43,1
896.35,6.1,24.96,76.59,418.51,0
1260.16,3.72,25.98,89.02,181.27,1
1336.7,5.31,24.57,69.63,644.52,1
1950.47,3.23,20.84,48.67,455.55,1
1580.17,8.67,28.73,82.64,311.61,1
969.24,9.11,30.93,81.32,211.99,0
840.63,0.46,30.57,40.87,459.39,0
1396.77,3.21,32.1,69.94,382.42,1
671.91,1.51,29.62,46.15,636.12,1
1932.58,4.05,25.34,60.03,348.11,1
1671.78,5.75,32.2,56.46,274.39,1
1012.33,1.65,21.21,82.14,534.37,1
514.75,3.23,23.5,71.75,538.79,0
1741.55,2.99,23.18,50.72,425.3,1
1154.18,6.62,33.4,83.2,501.45,1
1695.13,6.21,32.71,48.49,394.35,0
562.23,3.83,30.44,74.95,435.08,0
960.25,6.53,33.36,57.79,574.75,0
1202.1,4.36,23.6,64.51,493.8,1
1218.79,5.19,29.74,77.56,374.61,1
1019.97,11.02,27.37,77.82,602.85,0
1449.14,10.02,32.23,90.05,50.0,0
772.95,2.1,27.42,68.77,707.81,1
1143.05,8.49,26.08,74.6,144.11,0
1248.12,8.43,30.7,63.43,305.94,1
1405.78,2.56,32.38,72.73,393.86,1
1484.65,8.46,24.66,76.59,378.03,1
750.14,10.61,27.69,68.53,550.96,0
586.35,2.63,22.71,42.94,241.32,0
1711.07,3.25,15.51,74.97,439.12,1
1332.93,9.05,29.0,75.47,313.27,0
900.61,6.81,31.04,59.8,444.27,0
1820.46,7.65,29.31,50.73,390.28,1
1246.27,7.02,18.25,92.14,413.94,1
1671.72,7.17,26.25,77.37,317.51,1
1227.01,2.02,16.91,66.56,323.49,1
2024.3,9.14,34.85,52.94,443.09,1
1902.14,9.51,22.57,57.67,541.56,1
1100.41,5.31,34.28,89.54,310.26,1
1588.63,5.87,32.73,72.06,269.68,1
1458.15,1.41,23.5,61.74,492.02,1
1747.45,7.54,22.34,77.65,395.12,1
814.03,7.72,29.75,57.78,524.57,0
1474.42,5.81,23.78,92.51,264.13,1
1623.37,9.37,28.51,90.29,133.08,1
496.5,5.0,25.59,63.0,320.05,0
726.7,7.69,19.09,60.57,285.05,0
384.31,2.94,16.85,30.73,388.18,0
1092.24,5.93,29.13,47.78,304.47,0
1487.02,5.48,25.19,49.91,511.15,1
1800.94,6.68,25.23,72.03,356.78,1
1229.64,4.89,31.48,65.11,422.57,1
1851.45,5.61,33.87,49.82,423.65,0
647.96,8.48,26.64,65.78,429.24,0
518.65,4.69,26.3,77.58,396.38,1
1177.78,1.18,30.5,77.92,476.59,1
1353.63,11.25,21.22,41.5,280.65,0
1186.92,10.14,29.12,68.08,609.91,0
373.02,2.12,30.76,49.25,364.52,0
1164.35,8.07,31.4,83.53,203.27,0
678.21,4.49,18.32,81.76,428.21,1
1467.87,6.79,24.19,56.53,272.32,0
1346.64,6.88,23.61,58.51,499.8,1
824.05,5.3,28.5,63.08,731.44,0
994.45,3.65,30.4,36.21,282.01,0
776.31,3.93,35.48,75.04,449.86,0
1174.93,3.25,25.53,65.91,136.67,0
1582.06,3.5,25.51,84.55,468.09,1
805.71,5.8,33.75,53.52,267.14,0
1401.62,3.85,29.48,60.71,306.27,1
987.9,8.05,34.34,47.4,234.81,0
882.85,10.46,29.44,54.94,509.82,0
1157.19,4.26,22.21,52.27,551.1,0
785.9,6.72,21.33,84.94,403.51,1
978.54,7.5,20.24,59.53,270.34,0
720.85,7.42,31.31,71.86,638.43,1
1985.89,6.23,33.94,64.29,287.44,0
1214.11,8.23,37.25,50.96,75.7,0
920.11,7.45,32.22,67.48,468.76,0
1285.59,2.29,33.81,78.99,234.28,0
1155.07,8.61,25.1,51.88,548.29,0
1111.61,8.66,22.22,82.14,342.83,0
1445.67,3.71,32.25,57.25,490.56,1
1503.0,6.11,30.09,62.76,610.23,1
987.8,8.05,28.54,77.96,218.67,0
969.67,5.37,29.94,60.05,315.11,0
1089.98,9.22,29.62,70.56,388.65,0
279.23,13.09,34.42,65.28,630.63,0
593.92,3.64,34.47,71.94,301.24,0
1746.75,1.86,30.72,34.29,310.82,0
1857.99,6.91,32.23,42.55,471.72,1
1100.39,8.16,30.57,79.24,313.42,0
1430.62,5.31,25.69,85.56,422.88,1
1324.5,10.36,31.78,56.34,167.27,0
2431.55,1.98,21.03,66.34,732.15,1
1647.83,8.08,33.27,74.42,197.84,1
1148.83,4.18,22.03,80.4,351.74,1
817.78,11.16,29.43,39.58,395.13,0
557.42,11.98,23.77,56.71,686.9,0
1281.39,3.7,30.77,65.01,201.27,1
897.46,4.35,27.83,80.55,697.56,1
631.1,8.58,20.03,100.0,513.58,1
941.37,4.84,30.1,66.58,462.56,0
767.38,5.86,25.11,48.9,252.3,0
1874.86,6.08,32.41,76.03,485.67,1
1552.66,0.24,28.01,89.81,291.48,1
1196.81,5.96,29.98,71.62,590.0,1
1791.98,3.93,23.21,56.4,254.34,1
1230.95,4.52,25.05,84.37,383.03,0
855.49,10.33,25.71,79.95,316.71,0
1809.25,2.23,32.28,54.61,251.87,1
1415.56,8.44,36.39,75.72,511.2,1
785.1,5.16,23.97,84.96,480.32,0
1123.86,5.16,33.38,87.73,581.35,1
849.75,8.37,17.15,69.0,133.02,0
646.88,7.02,22.03,64.63,559.63,0
1570.47,7.71,23.21,88.41,775.82,1
1963.77,8.9,21.24,51.85,332.25,1
640.57,5.01,20.08,76.58,684.27,1
1425.19,4.16,30.06,49.45,360.53,0
939.74,2.74,26.93,85.98,194.14,0
1005.15,3.52,29.9,66.13,354.16,1
963.04,14.85,31.45,89.03,557.23,0
854.4,9.73,29.33,77.37,274.27,0
1219.41,1.95,31.29,51.65,309.95,1
867.62,2.03,27.65,91.37,489.03,1
1308.18,7.45,22.07,93.27,400.46,0
1179.9,7.64,33.29,83.23,487.69,1
1104.42,7.65,25.05,58.58,435.67,0
836.97,5.24,23.32,65.41,471.94,0
969.29,5.62,27.11,72.18,335.15,0
1502.16,6.98,23.44,59.44,434.76,1
1400.37,6.26,25.91,95.39,260.89,0
808.98,0.0,29.72,72.16,593.27,1
1239.73,5.31,29.74,29.45,304.86,0
1500.55,3.45,23.51,75.09,569.33,1
532.24,6.53,25.56,64.78,364.96,0
1417.34,14.96,33.37,68.88,430.3,0
934.95,7.1,30.48,64.47,325.76,0
1428.24,5.06,38.38,82.11,247.6,1
894.7,8.77,33.9,86.8,138.29,0
478.05,7.45,33.72,74.25,241.7,0
548.98,7.26,21.06,64.91,351.41,0
1219.23,7.82,31.82,69.38,431.78,0
1303.89,12.17,27.73,70.29,551.56,1
838.27,2.61,25.25,57.96,333.14,0
1455.44,7.42,28.84,78.68,267.71,1
535.39,3.22,32.73,76.9,183.59,0
1173.57,7.67,30.5,93.11,472.01,1
715.59,3.24,23.61,88.83,607.48,1
939.27,4.75,31.71,59.71,589.95,0
1218.96,5.11,24.81,82.3,506.49,1
855.83,8.93,29.08,55.74,495.78,0
1046.18,8.76,26.48,80.44,654.64,0
1602.52,2.26,26.91,62.25,449.81,0
969.24,6.16,31.83,54.65,496.92,1
1534.28,3.87,22.8,74.2,351.88,0
748.12,2.22,37.73,29.88,195.69,0
1411.92,5.35,18.89,43.74,297.42,0
1776.63,5.07,25.01,67.34,398.63,0
211.34,13.28,29.85,71.24,409.12,0
881.24,7.3,30.92,64.46,688.94,1
1430.83,1.87,27.5,46.31,412.19,1
1118.78,4.31,27.71,57.73,576.83,1
1348.46,9.06,30.05,75.87,334.74,0
958.41,12.27,26.84,78.73,353.25,0
1234.64,1.24,34.97,69.76,200.65,0
1137.73,0.36,32.2,87.35,288.65,0
1667.11,11.61,32.36,75.96,479.05,0
1301.77,7.17,23.17,58.79,401.13,0
1335.04,3.4,27.6,65.79,541.44,1
1035.25,7.6,26.5,48.96,427.19,0
1004.96,0.0,22.97,68.38,347.13,1
1026.98,6.01,29.8,86.68,722.24,1
1357.78,6.98,25.31,80.28,385.91,1
1031.61,8.77,31.28,91.03,574.45,1
1315.91,2.96,22.65,65.46,339.82,0
2030.16,6.26,36.6,90.19,506.44,1
1548.45,3.22,23.52,67.1,539.2,1
1069.59,6.77,29.1,92.07,431.27,1
1680.49,3.31,31.96,69.67,50.0,1
1036.77,4.78,25.15,80.61,402.74,0
384.75,3.01,32.26,92.13,584.57,1
796.77,7.95,21.85,67.1,479.12,0
451.68,8.58,35.26,73.28,466.88,0
1059.39,5.3,28.07,89.33,141.66,1
1207.37,6.11,25.02,68.0,291.93,0
1870.57,1.65,26.5,50.19,461.7,1
1330.77,5.1,32.04,100.0,461.56,1
1112.36,5.85,25.08,62.95,582.2,1
1531.76,13.86,24.25,72.38,378.27,0
315.55,2.66,26.89,87.34,460.87,1
1294.25,10.39,22.12,60.87,402.46,0
1508.35,8.99,37.1,54.88,251.96,0
608.57,6.84,25.17,73.81,61.63,0
1657.5,11.28,32.16,43.1,464.65,0
1335.4,7.12,29.05,65.68,426.09,0
1033.88,7.17,23.08,73.68,307.27,1
1453.11,5.84,27.97,65.95,157.12,0
2108.28,9.67,31.92,46.85,494.46,0
1272.75,9.29,27.06,93.91,360.11,0
1299.29,4.12,33.97,71.55,483.53,0
1016.26,2.04,33.11,91.47,679.61,1
860.06,5.39,32.59,66.1,78.79,0
1532.13,3.6,25.7,56.8,295.06,1
857.57,5.81,22.6,74.04,368.59,0
1228.63,9.71,24.93,66.76,618.22,1
1008.94,4.63,28.98,52.33,154.54,0
1391.59,5.87,30.73,92.05,690.38,1
1333.46,6.17,17.14,60.67,420.38,1
1615.02,8.55,27.96,42.4,385.6,0
995.99,0.0,28.79,89.92,370.29,1
1092.05,4.18,26.61,62.44,334.56,1
808.49,6.63,34.46,60.88,557.22,1
1022.28,9.6,30.11,43.52,239.72,0
1350.92,4.52,34.55,96.11,451.81,1
1502.8,0.37,26.92,50.66,342.37,1
831.13,7.86,32.69,70.88,285.68,0
1547.84,4.09,36.18,83.69,787.9,1
1742.26,2.43,34.56,76.33,462.86,1
1365.37,4.13,22.54,69.11,491.99,1
1950.72,5.45,26.73,44.48,570.67,0
890.48,4.19,26.27,57.85,186.8,0
702.14,0.0,30.45,72.82,662.84,1
488.51,8.69,31.43,58.19,50.0,0
1798.42,9.82,23.81,73.05,284.69,0
1461.75,7.95,28.34,80.23,331.15,1
1177.77,2.59,17.9,84.44,487.26,1
1311.99,5.4,35.21,51.61,432.81,1
749.8,5.98,25.44,100.0,374.98,0
2178.3,7.8,28.28,81.51,398.2,1
1251.69,8.01,26.45,69.97,253.3,0
1243.76,3.8,33.73,86.34,175.42,1
1490.31,6.25,13.81,100.0,508.98,1
1392.4,7.37,27.92,48.42,504.06,1
1289.55,10.37,27.47,66.62,637.67,0
883.81,8.11,25.73,34.32,281.5,0
1388.59,8.37,36.63,72.89,503.92,1
1952.81,6.25,23.56,75.48,357.44,1
1738.17,10.23,31.86,69.41,578.57,1
1837.27,7.23,29.78,60.18,553.29,1
995.51,3.42,34.31,39.26,431.68,0
804.16,10.21,24.66,75.6,349.07,0
1149.69,8.09,24.34,91.83,544.14,1
1222.29,4.67,33.48,61.13,497.04,1
1637.68,4.56,30.13,76.6,297.33,1
523.01,6.89,20.28,46.48,200.83,0
1811.82,7.39,25.3,76.86,356.72,1
1136.8,6.59,29.93,64.1,627.31,1
1029.25,6.93,32.19,58.56,571.97,0
795.16,11.1,24.6,58.59,233.15,0
538.06,9.21,13.43,64.1,224.84,0
1529.27,6.57,30.62,75.74,591.2,1
1229.33,8.82,21.9,50.32,229.65,0
684.02,2.9,17.91,64.04,476.39,0
681.97,7.19,13.84,69.38,307.59,0
1065.69,11.43,32.07,53.51,642.56,0
1867.61,5.35,28.64,96.95,284.44,1
1096.16,3.46,26.87,57.2,571.5,1
598.74,4.04,34.95,59.96,427.73,0
1101.7,2.73,31.19,55.33,437.83,0
1090.91,3.65,36.08,96.98,104.45,1
200.0,4.89,21.04,78.29,69.56,0
1178.28,1.78,27.83,55.95,366.92,1
1107.63,6.05,19.92,86.59,437.04,1
1478.48,8.71,26.85,73.01,231.22,0
1939.58,3.28,26.76,73.86,236.7,1
1650.63,10.56,31.13,64.83,484.22,1
1092.44,7.53,28.23,58.76,484.43,0
757.39,9.09,31.12,75.07,379.34,0
2229.34,4.03,31.52,61.82,517.03,1
1223.69,8.56,38.77,97.25,223.87,1
1205.57,2.72,26.42,50.96,346.61,1
1190.35,8.67,23.29,93.04,647.18,1
1279.23,6.52,29.23,68.33,410.25,1
1142.26,7.66,23.99,74.49,418.95,0
970.54,2.47,35.41,82.5,745.89,1
981.26,3.31,26.58,60.55,190.1,0
1186.9,7.79,25.17,82.96,519.46,1
982.63,3.15,25.64,29.39,649.6,0
914.86,7.39,31.59,59.2,351.27,0
1242.57,1.9,27.21,56.14,528.94,1
1098.01,8.54,24.79,51.2,252.7,0
1801.6,2.3,36.33,66.78,296.99,1
200.0,7.66,23.72,75.79,457.74,0
1636.6,7.88,28.18,80.54,519.79,1
1698.43,3.91,31.26,73.61,568.14,1
370.64,7.75,19.84,60.01,635.44,0
1062.92,6.78,30.4,75.54,389.88,0
1051.42,4.38,22.72,71.86,579.04,1
637.0,2.97,32.11,84.04,348.65,0
888.87,0.11,23.19,81.65,535.31,1
755.77,7.05,31.46,70.46,431.12,1
1900.91,1.31,33.53,56.54,466.85,1
1574.27,6.29,32.31,60.21,463.53,1
1708.62,5.21,29.26,61.75,159.29,1
1488.67,8.04,26.84,65.27,231.38,0
748.38,5.09,25.12,74.02,415.38,0
990.19,5.01,35.36,80.73,146.91,0
1395.75,8.2,24.5,69.23,524.68,1
711.15,7.01,22.81,70.24,530.73,0
1485.2,6.95,31.33,72.15,449.08,0
1103.87,7.41,24.02,62.26,231.83,0
1050.07,1.39,23.25,56.12,607.02,1
1484.38,8.27,20.78,43.67,705.58,1
1377.71,7.84,25.59,59.57,422.06,0
1055.61,2.95,27.59,77.1,476.58,1
1663.73,5.27,29.22,59.46,430.26,1
767.57,5.88,32.76,66.43,479.56,1
1446.37,5.6,30.63,77.0,382.07,1
1437.24,7.0,27.05,77.81,394.82,1
1076.18,10.29,27.01,53.81,535.86,0
1330.45,9.25,30.55,84.96,751.84,1
699.55,2.06,34.36,86.91,189.99,1
1569.61,7.87,28.63,53.05,384.43,1
1126.04,9.99,25.65,57.64,222.93,0
990.91,7.16,23.04,87.87,638.8,1
1619.6,9.27,20.77,67.8,311.84,1
918.26,12.04,31.33,36.7,183.52,0
636.62,9.07,30.89,49.0,495.73,0
577.35,6.75,30.89,66.26,661.65,1
1442.4,9.14,27.36,52.55,499.54,0
687.83,6.43,35.03,63.8,430.72,0
1901.92,6.07,25.58,70.49,461.37,1
367.23,4.95,32.78,91.93,612.23,1
1878.58,10.69,27.81,65.64,268.87,0
1284.41,3.54,24.96,86.09,383.22,1
1161.31,10.6,30.96,91.43,332.1,1
982.03,7.5,30.05,91.51,224.82,0
1359.65,1.8,29.78,74.27,350.74,0
1184.95,7.1,28.41,40.55,566.16,0
1641.32,0.0,27.81,76.91,484.99,1
1245.69,7.88,39.94,85.73,496.65,1
1260.12,8.66,33.92,68.78,421.97,1
1054.56,4.22,31.61,96.17,478.5,1
1177.22,6.37,28.56,82.9,279.91,1
1323.12,11.86,33.04,78.52,353.57,0
515.93,4.48,30.59,86.3,428.8,0
660.73,2.82,28.13,75.0,441.63,0
1497.31,10.44,26.48,32.61,448.03,0
1268.35,11.89,27.6,62.51,379.25,0
1126.41,6.01,12.15,87.96,343.39,0
1207.37,9.03,29.05,57.89,873.67,1
1339.03,10.02,25.56,66.65,536.02,0
984.1,3.77,35.96,54.33,461.97,0
888.68,4.54,28.1,96.76,365.02,0
1278.34,9.69,22.06,95.22,332.32,0
808.65,11.06,27.75,56.74,380.38,0
1363.3,7.69,22.77,72.21,443.92,0
518.97,3.36,30.37,59.79,117.93,0
1611.66,11.96,29.45,79.22,164.59,0
1389.04,4.41,32.79,77.65,304.47,0
1302.41,4.99,24.05,82.18,431.07,1
1593.08,7.03,28.17,74.98,364.11,0
1866.19,10.66,21.17,100.0,621.72,1
1605.75,8.56,31.51,54.58,177.64,0
463.65,7.24,30.59,44.34,287.3,0
688.17,7.39,30.48,64.1,628.01,0
950.07,6.13,28.01,46.48,419.67,0
1210.44,7.67,30.07,47.61,532.73,0
1407.06,0.0,36.02,54.98,707.69,1
909.7,5.11,26.57,56.17,295.93,0
1274.71,6.72,28.69,55.68,385.1,0
897.85,2.55,22.57,77.77,359.14,0
955.39,7.16,23.66,62.41,106.81,0
637.34,5.39,28.49,67.31,353.44,0
830.71,11.27,33.52,83.41,532.16,0
659.33,10.72,26.72,58.51,481.09,0
809.65,4.6,26.82,66.03,492.86,0
1621.46,5.55,25.97,75.49,343.67,0
820.24,5.78,25.33,40.88,301.59,0
2252.95,4.65,29.47,34.23,590.39,1
1397.33,6.59,20.51,75.19,325.4,1
1273.93,3.73,34.4,77.38,444.11,1
856.66,2.61,24.67,100.0,424.5,1
1480.12,7.87,31.61,72.37,619.26,1
969.74,7.89,21.65,82.3,545.71,1
1248.8,3.59,31.34,67.07,205.71,0
2224.03,8.69,31.36,74.46,221.87,1
1161.58,4.11,29.92,95.01,486.84,1
1659.71,6.76,23.03,38.14,390.35,1
918.73,8.46,29.25,76.2,331.72,0
1186.0,5.9,22.08,100.0,552.34,0
1908.32,7.36,26.74,74.23,428.12,1
949.21,4.45,33.15,94.76,407.87,1
1924.98,5.41,31.98,60.56,516.97,1
1483.1,5.38,28.08,69.52,343.73,1
975.01,3.76,23.13,70.5,635.28,1
1452.96,5.47,31.23,36.74,281.79,0
1589.02,1.35,28.1,52.48,498.54,1
1448.72,4.53,16.4,53.55,615.07,1
571.91,5.15,31.91,82.33,193.41,0
909.15,5.23,27.88,83.08,348.5,0
1100.99,5.28,34.01,74.86,571.33,1
1170.23,5.81,22.52,82.36,573.59,1
1448.27,7.44,12.12,67.54,374.28,1
1271.08,8.62,29.4,88.03,289.8,0
665.86,4.05,29.46,70.13,543.39,0
1352.08,2.39,19.55,70.87,577.53,1
1444.23,2.87,23.11,66.02,225.3,1
1423.92,4.54,41.78,80.27,219.41,1
1632.31,4.94,26.47,63.68,433.79,1
1533.57,3.69,31.65,84.65,494.4,1
1383.67,2.11,24.75,53.02,355.14,1
1171.93,4.63,17.55,53.52,501.89,0
535.62,6.54,27.15,80.31,293.48,0
1371.85,7.79,26.67,68.67,82.8,0
1283.08,4.33,26.0,63.19,336.41,0
1308.63,4.76,27.43,83.35,409.48,1
689.3,3.22,29.32,60.89,358.62,0
767.58,5.91,27.25,67.0,226.21,0
1621.26,3.45,21.68,90.99,127.65,1
1184.18,7.72,30.43,93.09,322.89,0
1472.6,0.64,18.25,93.59,534.65,1
1211.33,4.92,17.75,65.77,588.43,1
1211.9,6.9,31.7,88.46,578.16,1
1575.31,6.55,30.54,55.77,277.61,0
993.58,14.08,27.71,56.4,226.94,0
1238.45,7.05,21.02,34.74,474.5,0
1015.09,2.99,24.46,95.09,495.27,1
1026.2,5.71,26.69,57.04,460.03,1
1076.33,0.67,20.02,68.1,97.89,0
1288.85,5.76,24.3,56.35,269.97,0
1008.5,3.5,31.26,80.43,395.55,1
1702.3,8.75,35.14,64.37,473.08,1
842.16,4.35,25.9,50.43,515.1,0
1125.25,5.65,31.78,76.62,421.64,0
1024.11,4.09,18.43,48.49,449.62,0
1778.79,11.22,31.3,57.44,412.73,0
1278.62,5.04,23.98,38.4,502.84,0
1612.74,11.5,29.54,48.64,446.93,0
605.78,8.44,26.76,72.68,409.86,0
1306.82,7.45,34.6,40.53,359.74,0
1555.85,7.11,23.63,47.78,412.19,1
1232.91,7.18,31.14,69.96,472.69,1
1626.19,0.22,26.6,61.85,440.12,1
993.08,5.16,27.21,99.88,457.12,1
1763.74,8.54,27.08,97.51,601.41,1
2119.56,5.85,23.77,56.98,439.77,1
1054.86,1.78,27.93,78.36,302.65,1
1021.8,5.84,27.69,81.24,532.54,0
1781.35,11.11,29.21,61.04,195.07,0
1831.83,9.74,28.42,47.57,237.79,0
990.86,5.81,31.99,69.82,450.38,1
1031.93,8.85,32.62,67.41,477.46,0
1087.29,4.9,22.75,63.46,213.24,0
662.22,0.89,32.34,76.63,342.58,1
832.54,3.23,22.07,58.74,309.09,0
798.34,10.69,30.94,52.72,327.0,0
892.88,5.18,31.1,71.64,541.54,0
1186.13,5.27,18.44,75.79,505.98,1
1293.69,5.1,28.46,52.35,397.13,0
1820.2,11.71,25.66,83.92,318.11,0
800.66,10.88,24.21,43.44,197.55,0
1593.73,12.66,34.75,61.33,613.03,0
1114.4,5.52,24.73,66.13,488.82,0
1180.21,6.89,23.97,60.46,294.0,0
1469.93,1.45,28.38,61.52,507.94,1
750.91,10.43,31.43,98.07,389.47,0
1352.96,2.5,27.29,57.24,356.93,1
1266.58,6.65,33.83,100.0,465.28,1
1396.98,2.71,30.65,76.56,288.78,1
1315.67,4.23,17.11,71.38,348.44,1
2182.12,3.49,25.35,77.14,418.22,1
944.9,4.18,25.19,100.0,325.08,1
987.6,4.38,30.4,55.1,500.36,0
950.74,4.36,14.88,53.19,680.36,0
977.81,8.5,40.75,58.68,286.86,0
945.05,2.69,30.66,70.48,150.23,0
1675.61,6.66,28.74,44.11,99.74,0
1768.2,9.65,33.91,70.34,377.43,0
971.7,4.46,39.72,95.4,300.53,0
867.06,3.85,32.35,72.27,431.18,1
1388.57,5.31,32.74,65.61,419.89,0
979.11,9.54,28.65,60.73,159.52,0
1453.17,6.58,27.29,83.48,127.77,0
1281.17,4.41,25.62,57.61,444.39,1
593.7,7.45,23.87,97.7,420.31,0
1819.0,2.69,24.56,99.0,336.13,1
1918.35,8.04,21.25,73.85,151.43,0
954.88,7.23,27.62,69.83,470.71,0
1044.92,5.08,19.58,85.46,590.78,1
1314.35,3.48,28.95,86.42,441.7,1
1333.78,3.34,27.82,57.91,272.88,0
1463.42,7.6,28.73,62.1,406.68,0
2004.08,9.69,25.39,50.16,195.08,0
1129.22,4.09,43.38,76.14,558.69,1
880.68,7.38,34.8,80.0,412.28,0
648.27,0.0,21.78,49.75,134.78,0
907.63,4.25,29.16,63.17,354.9,0
1186.75,5.91,24.96,49.79,469.5,1
1917.82,3.27,22.93,56.52,350.04,0
992.96,3.19,21.3,78.27,358.62,1
1289.52,4.0,30.16,59.0,216.34,1
1193.43,6.88,24.59,65.49,484.98,0
1675.36,5.44,32.84,45.59,302.73,0
2210.77,0.0,32.97,72.8,76.53,1
987.65,0.0,34.87,69.34,344.31,0
1004.22,4.18,23.74,59.07,547.17,0
1617.66,7.37,30.38,67.16,341.96,1
1472.76,0.0,31.16,72.7,660.7,1
1938.68,4.5,25.63,57.78,464.35,1
1433.57,4.42,24.14,47.86,450.81,0
1056.28,10.17,36.05,97.08,380.74,0
1436.26,4.84,29.14,60.5,389.76,1
1643.48,7.15,31.18,68.55,360.49,1
1528.19,6.42,23.89,85.16,354.66,1
1402.91,0.0,21.9,100.0,479.63,1
1626.67,8.3,25.15,51.33,259.63,0
1667.72,6.65,27.38,76.75,238.62,1
1752.86,7.52,22.68,59.39,231.52,0
1459.48,15.0,27.95,61.92,706.85,1
1133.15,0.0,19.56,59.2,479.55,0
1258.69,11.17,22.4,53.12,445.67,0
1682.6,5.14,31.35,69.38,241.37,0
873.23,6.86,31.02,47.88,493.5,0
1347.47,5.86,26.04,84.2,382.51,0
1042.66,4.73,22.91,70.83,432.13,0
1211.5,4.29,22.86,76.34,253.51,0
1711.38,6.99,26.13,63.01,424.04,1
1276.44,1.45,31.22,64.49,336.42,1
1218.57,8.25,32.64,74.31,285.16,0
656.06,4.75,25.52,52.54,510.12,0
1498.5,2.61,22.23,64.63,169.34,1
1458.19,4.65,29.34,57.11,484.72,1
2065.3,9.77,23.88,56.64,502.67,1
1076.89,4.39,25.41,38.35,268.05,0
1287.66,7.08,34.63,90.09,276.95,1
1299.75,3.81,32.14,59.7,366.55,0
1830.98,8.27,28.79,87.45,442.31,1
1161.88,8.06,21.64,86.03,377.07,0
1311.61,11.55,29.06,50.71,465.03,0
1443.16,5.47,33.31,53.67,664.45,1
1274.64,8.01,26.12,100.0,323.84,1
1021.43,6.29,34.76,96.26,142.72,0
1277.64,9.89,34.46,69.53,523.89,0
1629.45,3.84,36.32,73.86,652.5,1
789.39,8.24,29.53,60.54,458.92,0
1253.19,5.42,30.94,76.49,236.84,1
919.95,5.81,35.07,59.24,381.42,0
1678.02,6.28,30.24,39.51,232.22,0
590.73,6.76,25.49,50.18,496.43,0
976.43,5.65,25.76,70.32,197.31,0
1350.88,6.64,29.19,53.03,354.98,0
1826.21,10.73,21.55,68.99,249.35,0
1173.7,8.96,27.28,53.88,419.02,0
977.92,8.61,33.48,58.26,345.05,0
1952.46,4.63,17.04,82.8,426.51,1
620.79,3.33,35.67,73.71,403.35,0
320.48,8.87,33.61,69.86,252.0,0
1376.01,8.63,25.7,83.18,494.03,1
999.18,10.42,30.72,77.21,392.69,0
791.51,4.19,28.02,91.7,251.72,1
1483.34,5.31,34.15,63.1,736.14,1
1297.52,1.08,32.91,63.56,471.46,0
974.37,4.82,21.0,50.48,377.01,0
687.88,8.99,30.94,63.57,612.28,0
1548.98,4.6,26.97,84.47,676.27,1
1460.08,7.92,28.41,89.5,378.2,1
1160.33,5.43,24.36,84.4,452.11,1
1938.65,6.97,36.74,43.09,251.8,1
771.97,2.56,33.2,86.25,377.92,1
589.79,6.26,24.3,42.42,370.14,0
923.24,0.0,21.33,83.47,427.72,1
1181.77,5.44,26.07,64.48,449.91,0
1297.34,1.11,30.17,80.54,483.97,1
1103.51,9.62,29.2,50.01,435.65,0
1340.82,8.33,34.27,87.57,218.39,1
699.38,7.4,31.95,48.03,259.23,0
1777.51,10.56,32.85,59.97,318.04,0
1167.14,3.15,29.63,55.03,357.66,0
1646.92,11.24,21.05,43.69,557.62,0
1337.09,8.8,27.02,71.42,225.56,0
1382.7,5.29,33.3,97.09,346.39,1
1427.91,9.41,27.74,100.0,542.95,1
1379.08,2.68,30.52,71.46,355.02,1
1457.09,3.53,26.41,86.75,469.06,0
1731.66,4.17,22.85,73.48,379.07,1
1278.61,4.41,27.38,77.48,438.52,1
1483.6,2.83,29.55,64.87,365.73,1
1164.11,9.67,24.72,72.93,500.06,1
1776.05,5.22,26.82,78.06,168.24,1
929.44,7.06,23.3,61.32,345.5,0
1920.38,4.29,33.6,68.84,444.49,1
1183.94,0.54,26.53,69.12,480.05,1
627.69,6.81,35.26,82.4,623.94,1
1251.24,0.26,35.64,54.01,341.35,1
927.58,5.79,27.59,69.23,621.92,1
1536.26,1.9,22.96,98.68,301.15,1
938.95,11.96,17.57,87.46,599.3,1
1021.53,8.73,20.64,90.24,522.62,0
444.18,6.32,21.13,70.37,262.98,0
1019.08,9.79,34.89,74.81,446.06,1
230.45,3.46,28.58,85.03,392.31,0
566.44,7.63,29.95,93.4,493.84,1
1504.17,6.6,16.9,40.73,366.51,0
1514.32,6.79,22.01,50.27,353.91,0
1370.18,9.82,32.44,89.64,605.36,1
813.21,8.2,29.43,65.85,385.19,0
1180.92,6.87,27.26,59.92,523.96,1
1198.56,1.04,30.82,51.19,366.2,1
736.65,3.12,36.18,61.67,650.0,1
1801.36,5.63,26.89,48.96,298.25,1
1550.94,6.28,28.35,100.0,307.88,1
1111.61,2.61,28.96,69.66,628.68,1
1210.75,13.24,39.96,69.13,333.26,0
1283.35,10.55,17.5,78.82,640.16,1
383.31,7.81,31.42,84.44,533.78,0
1101.13,6.22,27.43,84.19,376.8,0
927.21,5.36,30.83,86.1,128.01,0
799.35,3.14,24.71,60.54,397.1,0
1087.56,6.23,27.76,65.53,415.24,0
1919.07,6.77,31.56,81.54,575.08,1
1456.34,2.27,43.56,62.09,638.27,1
971.53,7.0,32.04,69.92,297.25,0
1429.03,5.53,23.76,75.98,520.18,1
1759.74,0.28,25.88,81.78,514.81,1
1569.85,3.42,25.73,43.33,561.01,1
1223.85,4.76,19.02,80.72,474.8,1
941.23,11.66,26.35,66.49,108.63,0
1479.29,7.67,31.66,80.61,376.69,1
1357.39,1.99,21.63,81.65,226.64,1
1558.08,7.46,33.24,94.12,369.61,1
1454.07,1.36,30.44,90.3,547.0,1
1619.82,9.25,24.33,90.2,445.77,1
985.91,4.59,27.29,91.66,572.21,1
1726.96,5.72,35.99,74.37,451.26,1
1279.04,9.98,31.67,70.48,205.25,0
2030.1,2.14,28.04,83.09,50.0,1
924.32,1.81,26.81,80.98,422.32,0
1894.39,4.25,28.38,65.36,367.91,1
1279.16,9.12,25.44,76.07,253.46,0
939.43,1.44,17.48,69.47,144.91,0
1006.45,0.0,38.21,57.19,289.79,0
1071.86,4.65,28.78,89.36,370.83,0
1369.67,7.66,29.99,70.83,499.88,1
1409.13,9.6,27.71,100.0,428.29,1
970.52,4.61,24.32,45.62,641.21,0
1190.26,4.77,27.07,61.65,244.66,0
2056.91,9.46,20.0,70.49,532.16,1
1891.02,0.39,39.39,87.06,407.09,1
1374.53,4.83,21.83,75.99,504.2,1
1215.2,6.57,22.84,74.66,334.52,1
1248.01,7.35,25.8,53.09,560.75,0
1445.41,4.47,34.44,52.65,444.28,1
790.88,6.1,28.07,74.84,298.08,0
1097.05,0.0,21.82,49.54,398.2,0
532.57,4.03,34.27,62.02,364.07,0
1359.69,7.36,31.66,77.51,473.38,0
1458.88,3.05,30.69,55.27,223.03,1
1006.73,6.18,31.58,94.08,395.6,0
1829.59,7.34,39.97,88.36,459.3,1
709.69,4.97,38.93,46.43,404.95,0
614.25,6.51,24.57,56.01,602.04,0
1289.78,3.11,36.12,35.71,516.1,1
1618.84,5.38,29.92,58.26,398.88,0
1873.57,7.83,30.5,81.5,432.5,1
1016.45,6.47,19.54,63.79,444.35,0
1631.47,4.24,27.15,76.91,460.49,1
1184.6,6.67,23.94,47.16,126.15,0
1130.95,8.14,32.14,81.97,354.77,0
1553.46,0.0,33.36,61.67,177.33,1
1460.93,9.48,17.63,70.18,591.74,1
569.44,4.99,27.89,68.61,390.87,0
1790.62,7.28,33.61,50.93,371.0,1
1752.04,9.59,27.07,52.7,534.52,1
949.77,1.88,31.65,84.52,463.35,1
1358.32,3.87,29.76,75.98,230.7,0
1397.61,5.13,29.71,85.75,389.36,1
1304.27,3.65,26.64,74.87,349.72,1
979.88,11.2,21.92,72.14,138.32,0
931.35,3.43,22.39,44.11,296.46,0
1189.78,4.33,31.55,65.94,372.47,0
1669.09,6.61,28.1,69.59,382.76,1
1417.44,2.39,27.31,99.3,177.67,1
1051.75,4.81,25.88,80.3,572.75,1
1508.68,6.95,26.47,93.04,384.68,1
200.0,5.0,33.23,78.96,405.63,0
1659.51,5.72,26.32,59.33,460.1,0
504.11,4.41,21.29,71.76,281.79,0
1055.02,1.46,31.72,73.54,468.45,1
752.13,6.96,26.98,55.91,344.94,0
682.13,11.26,28.16,64.23,265.51,0
1664.33,6.06,36.04,66.91,486.02,1
1012.92,6.68,27.9,94.08,623.75,1
1338.6,8.08,29.45,38.79,508.72,0
1181.23,2.19,22.11,88.09,538.45,1
1390.82,11.11,26.9,55.95,321.91,0
1230.73,6.61,31.05,49.42,160.36,0
686.8,10.9,20.22,87.7,623.52,0
1598.51,3.8,29.0,80.98,708.18,1
1002.5,11.45,28.5,88.82,631.42,1
577.37,8.33,28.21,82.01,349.63,0
1028.75,7.66,33.19,100.0,226.8,0
1800.3,6.7,29.67,78.38,240.15,0
1540.09,5.25,35.39,67.65,147.44,1
1060.54,9.6,23.03,75.14,383.89,0
1060.3,6.42,28.68,88.65,640.85,1
1071.35,0.1,28.42,58.31,378.75,1
2030.7,2.65,22.65,60.22,445.35,1
1352.77,5.44,32.78,65.37,606.34,1
1372.02,6.93,39.62,38.43,339.39,0
1612.11,5.83,27.91,72.07,705.33,1
1295.52,9.66,30.53,41.71,698.81,0
1096.38,0.15,28.42,70.8,380.33,0
1121.46,6.43,24.43,82.98,313.37,1
1171.36,0.55,18.9,62.85,504.59,1
1185.11,8.28,24.47,95.16,347.87,1
1491.05,5.72,21.04,48.09,226.52,0
1220.78,7.26,36.52,87.87,592.19,1
1493.06,3.41,27.42,80.13,582.47,1
1167.71,9.84,26.27,44.26,423.33,0
1231.45,9.13,32.45,100.0,210.57,0
400.72,7.75,22.39,69.04,215.57,0
1566.53,5.61,24.17,56.84,416.08,1
1338.6,7.74,28.34,48.89,325.02,0
1599.2,3.88,33.14,66.7,348.84,1
200.0,8.57,30.51,68.09,553.29,0
2035.35,10.95,29.24,71.54,509.98,1
1144.16,9.21,28.39,65.53,606.72,1
1643.27,3.81,30.0,79.5,251.41,1
784.04,7.08,29.01,64.19,348.52,0
1445.11,2.12,22.85,40.98,513.85,1
778.63,7.72,28.23,67.76,467.21,0
950.49,7.35,22.63,34.49,629.86,0
1965.61,0.39,28.41,75.31,463.08,1
1123.73,2.51,25.6,55.31,677.22,1
1286.97,5.15,40.7,72.45,481.0,1
1548.03,5.1,27.8,89.71,559.33,1
1398.27,2.37,20.98,55.77,351.47,1
1260.17,7.17,27.33,85.92,402.14,1
1345.98,6.75,30.6,63.5,536.64,1
2161.37,5.42,36.37,96.3,641.95,1
1176.95,3.73,25.05,64.52,509.39,1
1280.44,9.15,20.09,57.39,387.52,1
1620.26,10.97,32.08,80.31,606.6,1
1642.21,4.55,21.1,63.46,71.2,0
1674.81,4.16,25.82,57.38,186.66,0
1455.49,7.47,26.71,62.83,502.25,1
742.8,4.93,27.65,69.33,402.12,0
1853.37,5.58,31.45,90.13,490.83,1
741.46,8.22,24.58,40.99,409.66,0
1321.05,0.27,26.63,70.35,485.64,1
898.29,9.95,27.93,79.37,277.84,0
1174.34,6.22,28.75,72.9,485.57,0
1331.5,4.77,28.49,89.65,549.16,1
1328.54,5.73,30.18,68.88,583.08,0
1368.77,5.89,32.22,67.23,702.03,1
1845.48,0.81,29.96,78.88,436.61,1
1381.41,10.48,30.27,71.49,441.09,1
1102.34,6.12,20.09,64.14,171.52,0
1585.63,7.33,28.25,77.74,320.29,0
1675.79,8.85,30.4,60.21,371.04,0
708.96,2.94,31.64,60.83,557.55,0
1438.96,7.42,24.54,62.08,308.35,0
1480.47,5.2,24.7,90.3,519.45,1
1080.97,8.54,25.13,21.68,399.76,0
1750.28,0.0,30.68,75.93,373.42,1
1139.98,5.7,33.17,70.51,437.33,0
1250.23,4.19,25.96,44.79,341.33,1
1130.77,7.3,32.54,74.65,335.64,1
1206.23,7.41,28.62,77.14,144.28,0
761.49,3.88,27.38,78.84,362.81,0
623.98,3.86,26.94,30.22,328.0,0
1837.8,5.67,31.73,90.5,322.6,1
861.22,3.31,29.63,58.93,462.53,1
803.44,8.53,39.38,80.3,498.79,0
338.64,4.89,23.74,81.12,434.83,0
944.42,0.0,30.59,56.85,549.31,0
670.76,4.88,25.35,79.91,486.33,0
1856.81,2.88,23.65,64.22,355.74,1
1603.93,1.11,27.95,38.93,330.57,1
924.74,2.29,28.69,87.52,446.92,1
2100.97,6.33,42.59,58.37,486.07,1
1592.71,9.99,27.08,57.18,609.68,1
1070.07,6.94,22.35,63.95,578.68,1
200.24,4.18,29.37,74.08,318.78,0
2116.38,7.37,17.63,69.14,384.7,1
644.17,4.62,27.54,78.22,500.65,0
541.84,3.92,28.08,49.91,560.2,1
1609.03,2.54,31.97,58.86,540.85,1
2175.9,0.74,32.87,68.26,390.42,1
1753.71,4.83,25.48,98.47,211.9,1
1425.56,6.47,27.25,68.29,250.16,1
1437.9,5.71,24.17,86.28,440.9,1
1541.37,4.75,22.36,70.58,451.33,1
1503.57,3.16,29.55,62.75,235.2,1
1312.48,7.82,21.63,66.3,406.69,1
1241.68,2.05,25.93,67.47,494.68,1
1174.96,8.33,23.02,79.05,227.32,0
898.41,2.99,30.75,90.62,565.75,1
1087.73,3.74,37.01,75.4,343.37,1
522.82,1.6,21.49,87.81,588.64,1
1160.66,4.5,18.73,55.53,319.98,1
804.56,8.93,27.38,63.78,246.01,0
758.56,7.55,28.08,59.14,331.28,0
1271.96,8.94,29.09,74.72,385.73,0
1756.8,7.57,25.77,64.62,341.73,1
1567.33,2.69,27.0,80.95,367.6,1
571.8,5.01,29.84,56.03,450.09,0
804.15,3.66,33.2,70.65,374.32,0
1576.31,9.99,18.22,80.3,390.08,0
807.01,2.41,26.16,39.02,143.62,0
1110.15,8.68,29.07,100.0,458.75,1
1420.02,8.68,23.41,65.75,386.62,1
812.66,11.49,36.66,39.62,641.54,0
1242.15,4.77,24.82,72.37,259.07,0
666.39,8.14,27.79,70.5,128.76,0
959.45,12.84,30.78,68.77,492.71,0
1327.91,4.15,25.04,84.87,451.98,1
562.8,1.39,18.77,81.21,248.74,0
1376.19,0.36,25.86,74.47,170.54,1
1192.14,8.14,33.15,76.75,630.61,0
1421.0,0.35,26.32,68.43,612.12,1
1289.57,4.88,23.77,96.63,50.0,1
1745.66,7.31,32.63,47.81,331.27,0
1250.09,6.56,26.35,72.09,649.63,1
1028.24,7.28,25.45,70.98,328.59,0
1248.92,6.67,28.75,82.2,326.41,0
1417.32,9.84,31.85,57.34,357.59,0
1219.54,3.14,39.91,43.84,231.87,1
1216.24,3.97,32.14,72.35,144.28,0
919.2,3.68,33.8,74.22,557.88,1
934.84,8.49,25.47,92.34,123.56,0
638.96,8.7,22.87,50.94,437.09,0
1899.83,7.35,28.31,87.32,532.99,1
702.45,9.55,28.54,100.0,182.32,0
922.84,2.47,22.61,64.33,261.36,0
912.64,11.0,27.12,50.64,581.98,0
1557.97,10.57,30.0,63.9,479.93,1
1082.02,8.21,29.8,70.21,307.41,0
1699.1,11.35,30.52,78.46,580.34,1
930.6,1.03,29.45,61.13,580.98,1
1311.6,4.43,25.46,93.33,440.36,1
865.86,3.79,25.43,53.28,264.98,0
2058.06,8.16,22.01,43.91,337.98,0
724.96,2.85,36.92,86.6,442.96,0
1323.93,8.27,28.07,35.88,371.71,0
1453.51,10.11,26.88,66.94,540.84,1
1365.52,8.09,23.36,100.0,170.53,0
1125.88,6.85,42.68,69.82,175.86,0
1148.07,3.04,22.63,53.19,427.13,0
1217.52,3.46,25.86,69.14,326.27,1
1141.2,9.75,30.08,69.24,305.94,1
1585.55,8.34,31.0,72.41,134.79,0
2084.21,5.88,32.79,79.93,402.93,1
977.0,4.75,37.04,54.41,392.09,0
652.08,0.0,30.53,95.31,498.02,1
1164.69,2.79,22.72,73.68,410.34,1
2231.88,11.73,26.72,80.9,380.11,1
878.53,2.16,29.54,60.58,576.55,1
1855.65,6.57,38.34,89.3,203.13,1
1871.08,9.02,21.01,66.14,480.46,0
978.56,2.24,34.01,74.16,149.33,0
1427.59,6.55,28.9,56.0,274.25,0
1851.36,8.81,32.19,55.05,218.1,0
1048.35,6.04,27.49,80.32,517.29,1
1118.57,14.61,23.79,63.35,390.19,0
967.33,0.99,31.75,57.19,397.97,0
794.1,9.18,31.27,60.35,233.99,0
940.29,5.48,32.86,80.48,355.05,1
710.42,8.32,27.93,60.56,285.48,0
1213.63,7.32,25.0,68.24,457.52,1
892.01,3.8,20.21,70.23,251.34,0
1293.51,6.69,32.1,41.24,599.47,1
577.64,0.43,30.12,47.93,148.66,0
1332.35,7.81,23.17,75.04,279.02,1
1533.41,6.89,25.31,58.94,651.58,1
402.51,7.92,25.67,85.85,334.73,0
1349.62,9.17,20.59,84.5,202.77,1
1691.07,7.1,23.91,80.79,432.86,1
716.14,6.44,22.33,97.3,328.69,1
1869.03,3.36,25.94,68.75,274.62,0
1367.61,3.86,24.31,79.73,235.62,1
918.0,9.56,19.86,61.23,815.26,0
1177.69,10.31,38.11,100.0,362.27,0
1423.33,5.29,34.26,99.75,111.16,0
1230.4,6.14,24.1,70.18,624.06,1
1415.5,3.29,29.36,75.8,491.66,1
831.73,9.52,30.09,90.39,285.03,0
1267.74,8.0,33.96,67.79,260.03,0
634.51,11.82,23.91,60.15,501.02,0
1155.51,3.37,33.46,83.11,362.96,1
838.44,4.87,25.26,71.18,111.1,0
905.79,6.69,21.32,72.74,668.09,1
1694.44,7.94,31.62,57.49,334.9,1
1636.52,5.35,34.45,44.23,624.34,1
1443.66,3.38,40.94,73.54,591.77,1
763.07,8.64,22.0,83.57,249.85,0
1073.44,8.16,31.49,66.61,554.98,1
1685.24,3.25,25.95,91.55,302.28,1
1256.69,10.07,31.92,59.44,119.99,0
2127.73,9.51,20.65,54.18,336.31,1
1357.33,6.4,21.69,68.99,459.65,1
1276.82,6.24,24.12,68.76,330.59,1
1076.35,7.66,28.39,81.55,353.94,0
1253.42,3.41,24.79,58.38,571.53,1
1139.01,6.09,31.3,90.52,415.97,1
1483.24,0.0,33.13,99.5,273.51,1
1582.68,8.63,31.0,69.41,505.3,1
885.6,1.32,36.09,88.75,429.65,1
667.51,10.51,30.08,54.15,50.0,0
465.52,5.01,21.92,86.13,464.25,0
1403.2,5.36,34.82,85.71,458.77,1
758.65,4.12,24.97,82.95,403.02,0
338.84,5.14,32.55,69.77,533.76,1
1355.43,10.26,35.87,25.69,299.14,0
2197.2,0.0,30.28,60.37,450.47,1
1197.57,9.83,20.52,60.61,164.96,0
1535.4,7.01,23.41,55.33,461.06,1
1232.73,2.38,34.61,71.83,692.96,1
1160.44,2.77,27.15,63.72,250.77,0
1567.63,11.03,28.4,57.63,286.03,0
1083.89,3.16,31.79,54.12,293.5,0
1306.96,2.54,31.48,59.27,419.5,1
1328.68,9.41,29.39,86.82,240.54,0
932.76,7.02,26.96,60.08,463.19,0
1596.82,3.19,26.44,62.28,527.03,1
1130.02,6.65,32.29,63.15,480.15,0
897.7,2.92,30.77,75.08,134.74,0
1414.6,9.3,26.71,76.84,549.28,0
840.61,9.18,33.41,24.33,540.61,0
1211.27,7.6,27.35,85.32,524.52,1
1196.35,7.08,23.74,91.55,455.93,0
1634.36,11.28,24.21,54.25,433.03,0
1389.88,6.0,23.11,55.42,554.86,0
1189.99,2.45,26.64,63.25,688.53,1
1527.11,7.35,34.17,58.66,257.04,0
1756.08,12.26,23.97,73.36,561.72,1
1423.12,2.96,28.94,40.8,387.07,0
1204.14,4.92,24.72,53.23,380.55,0
675.27,7.25,26.7,93.09,169.52,0
773.95,5.84,20.45,56.08,357.28,0
1077.91,3.05,26.9,88.65,250.41,1
956.2,9.37,27.03,75.33,330.42,0
1125.21,12.96,30.7,42.86,235.27,0
1222.66,6.59,29.12,79.53,332.66,1
1411.88,3.29,22.01,68.23,339.08,1
1171.8,1.35,33.42,63.17,414.51,1
1394.6,6.77,29.05,73.67,157.79,1
1225.79,9.31,28.99,77.12,183.17,0
409.81,7.43,27.95,80.61,454.29,0
824.27,5.99,25.41,87.67,280.38,0
1142.36,4.23,29.09,76.12,561.18,1
716.12,2.72,30.38,49.37,433.79,0
1439.97,8.5,19.27,62.9,491.01,0
1812.3,8.74,25.31,100.0,611.6,1
1687.5,1.36,26.73,80.87,353.54,1
1114.62,10.77,29.28,100.0,313.83,1
1796.29,7.72,33.97,90.93,530.76,1
1259.47,10.2,24.14,73.63,476.43,0
1065.17,1.97,25.51,74.52,371.9,0
954.64,1.9,25.44,69.45,608.72,1
1079.01,5.55,23.99,43.93,368.16,0
1044.73,7.51,26.26,70.27,404.92,1
1268.17,11.39,31.85,88.16,403.18,1
1264.23,8.12,22.73,61.01,259.81,0
1201.22,5.27,30.14,76.18,411.64,0
1374.78,2.92,19.49,82.77,609.51,1
1676.26,9.69,25.19,56.35,466.75,1
1579.82,3.11,26.35,63.23,404.66,1
606.04,10.89,36.37,54.73,375.73,0
200.0,5.15,26.63,57.67,449.63,0
1573.73,10.77,16.99,50.69,512.46,1
653.25,8.04,18.01,56.49,491.39,0
1110.09,5.59,28.17,91.29,350.22,1
731.95,4.44,31.07,56.27,448.72,0
479.21,4.98,29.88,71.9,471.99,0
1416.59,7.28,28.84,62.46,248.92,1
1503.66,6.23,33.81,87.68,425.23,1
969.4,4.22,25.3,89.67,75.8,0
200.0,5.5,32.47,82.96,472.38,1
981.5,6.24,19.84,74.59,499.05,1
1356.72,0.0,23.48,66.53,512.13,1
608.44,7.37,18.96,52.12,340.74,0
1273.34,3.06,26.63,99.15,446.36,1
1193.88,2.54,27.77,58.6,613.59,1
1431.72,0.94,28.57,79.95,612.07,1
1247.83,0.62,28.31,85.89,395.62,1
810.77,1.93,23.36,61.67,420.9,0
1678.63,3.87,27.05,85.57,566.64,1
1136.59,11.86,20.51,81.46,174.88,0
1189.08,4.42,34.82,95.92,351.54,1
826.69,6.53,26.48,62.96,600.34,1
1022.69,7.2,25.56,50.71,546.28,0
846.08,6.39,35.94,62.42,455.39,1
1130.82,5.77,21.79,73.13,174.13,0
1884.68,2.41,22.37,70.87,392.51,1
651.24,10.35,22.52,64.1,311.51,0
554.58,11.42,27.66,41.36,449.66,0
1788.47,0.95,30.16,77.06,278.6,1
1116.27,2.93,31.7,99.59,246.14,0
932.37,5.16,40.86,76.96,90.27,0
1615.96,3.11,16.75,79.14,583.27,1
957.75,7.52,31.04,78.59,340.03,0
1930.4,3.82,25.21,75.96,423.57,1
1471.17,12.5,25.07,83.97,399.66,1
1004.84,9.57,24.9,75.93,239.88,0
2062.92,6.64,23.46,65.31,211.14,0
957.71,9.08,36.42,58.06,249.2,0
1496.84,9.32,32.21,66.27,291.52,0
1319.72,4.31,28.12,74.71,454.99,1
1720.7,3.55,34.76,65.26,280.64,1
1824.6,6.23,20.44,74.72,661.97,1
1212.8,8.58,21.35,76.59,554.07,1
898.63,6.42,17.11,82.5,521.25,1
1383.99,1.27,24.5,89.24,382.05,1
928.91,3.59,28.81,71.17,627.14,1
2005.35,5.78,28.51,50.38,367.3,1
1254.61,5.77,28.75,64.82,395.31,0
1053.87,11.92,20.94,70.66,425.5,0
1273.87,1.84,32.02,42.46,505.27,0
661.15,7.52,29.2,90.83,495.54,0
811.35,10.47,31.67,72.14,328.73,0
1680.17,12.81,18.54,75.72,320.05,0
937.24,4.79,29.56,90.48,495.99,1
781.24,7.47,22.06,60.55,507.29,0
1414.66,7.71,26.01,78.61,341.0,0
1674.28,6.59,30.67,68.35,161.92,0
1487.58,5.7,28.46,67.24,368.9,0
1598.42,7.31,23.74,58.42,493.53,1
897.28,0.0,28.03,94.98,670.81,1
631.28,8.05,20.34,64.37,220.31,0
1800.53,6.38,33.75,80.49,336.01,1
1070.93,5.33,26.97,41.87,341.59,0
1099.67,12.14,33.59,87.7,603.37,1
1731.28,3.98,25.37,85.78,394.76,1
1422.49,4.79,25.38,71.46,263.9,0
1382.36,11.97,24.18,66.6,483.8,0
2066.0,3.5,32.38,76.0,339.3,1
942.59,4.35,24.45,100.0,216.34,1
1571.14,5.56,31.22,43.55,266.08,0
1222.81,8.52,26.09,81.73,660.11,1
1307.44,6.62,18.12,56.33,457.63,0
1811.39,2.12,25.15,69.7,416.16,1
1403.13,4.4,22.1,66.28,362.52,1
1415.32,4.18,28.17,63.58,443.82,1
1629.0,5.77,22.05,69.84,442.04,1
1054.02,7.28,32.63,52.99,443.83,0
864.32,7.25,27.54,85.44,417.23,0
782.08,0.67,27.11,43.09,530.32,0
413.46,9.19,31.28,78.1,403.47,0
2022.48,6.76,32.82,65.1,253.31,0
758.72,10.15,27.9,52.44,308.14,0
1111.5,7.33,24.14,73.04,103.15,0
1089.27,9.3,19.13,46.65,704.02,1
1322.96,7.4,24.57,70.6,529.41,1
1526.29,10.04,24.91,48.66,275.49,0
1544.19,7.57,28.54,76.92,357.72,0
966.77,5.71,26.27,56.13,304.47,0
1133.15,12.82,31.44,63.24,631.38,0
1313.03,8.67,24.94,74.41,187.02,0
1100.52,7.72,27.71,58.41,417.17,0
1842.94,2.17,33.92,69.13,383.72,1
1396.39,2.14,29.71,47.29,524.03,1
1493.95,6.88,27.7,79.46,384.4,1
1465.15,6.44,24.99,96.47,136.27,1
1669.39,4.16,24.83,100.0,362.33,1
1272.41,6.42,23.75,71.37,254.18,0
681.27,10.77,25.29,81.82,411.94,0
1359.88,8.09,31.78,43.29,615.13,0
939.46,2.58,26.89,92.54,139.09,1
988.55,5.67,21.25,81.64,279.97,0
1434.55,3.59,36.84,62.74,317.1,1
1695.31,4.84,29.6,88.56,342.76,1
1208.51,4.76,20.97,66.18,511.02,0
1323.53,4.57,25.79,63.13,373.97,0
1880.89,2.23,28.55,77.13,462.37,1
1296.3,5.62,36.52,54.05,306.13,0
2240.67,4.32,22.46,85.32,434.49,1
1426.2,0.0,32.88,54.16,516.67,1
495.69,12.16,35.0,54.25,290.16,0
1501.34,9.27,24.86,56.35,517.2,1
1352.46,4.87,26.61,81.39,407.86,1
1715.9,6.06,22.82,60.75,556.82,1
1469.27,2.49,26.98,49.78,369.79,1
1144.62,11.09,27.82,60.91,457.19,0
710.28,11.69,31.3,69.52,393.91,0
1116.39,6.47,33.45,52.29,385.57,0
859.79,9.07,24.26,52.72,438.84,0
967.79,6.53,18.16,100.0,480.52,1
1435.43,1.99,27.89,57.09,212.57,0
1867.96,4.76,29.47,65.15,615.05,1
1357.87,6.4,29.25,64.49,121.05,0
721.65,4.64,26.37,63.68,297.28,0
1377.84,5.34,28.62,79.32,385.86,1
1678.65,5.73,35.58,84.22,461.85,1
956.09,5.76,29.91,65.41,636.43,1
1146.39,6.16,26.13,51.45,121.26,0
1205.88,2.82,25.5,89.12,323.85,1
886.04,3.85,27.15,68.57,80.97,0
1459.31,2.15,36.18,95.95,404.74,1
1151.62,8.93,27.08,36.32,440.75,0
1367.81,0.0,27.9,72.93,638.62,1
845.0,9.46,25.59,98.78,418.1,0
1025.02,10.16,33.49,64.7,556.6,0
1488.95,5.09,37.8,66.62,487.58,1
1050.87,0.0,30.25,74.43,334.71,1
1890.79,4.92,28.41,61.62,188.66,1
1040.15,5.81,28.18,65.32,441.25,0
1289.87,2.97,16.08,64.93,176.18,0
1573.04,4.45,31.73,60.59,594.28,1
632.65,10.59,28.67,88.43,375.69,0
495.68,7.99,30.14,76.92,579.28,0
589.74,3.23,24.44,73.76,327.97,0
1705.03,1.21,26.08,82.13,440.33,1
979.26,5.02,25.94,66.03,431.4,0
2223.28,5.36,33.11,58.39,393.24,1
974.3,7.49,26.11,60.96,335.1,0
1273.82,4.39,38.41,70.03,458.87,1
1816.84,7.53,30.15,54.11,261.08,1
2002.44,11.81,21.62,62.5,218.58,0
2024.6,8.45,27.36,62.26,586.42,1
1683.35,5.86,24.74,100.0,509.08,1
1609.63,5.45,17.03,28.39,409.88,0
1437.01,4.93,36.0,67.31,649.77,1
1511.34,9.54,31.52,95.89,359.84,1
979.53,4.12,30.67,71.83,598.41,1
872.72,6.14,28.83,81.3,426.34,1
1198.65,6.15,21.09,71.5,246.29,1
1131.93,4.49,25.58,59.99,677.21,1
1018.71,1.88,32.21,36.37,548.61,0
1478.55,6.97,22.74,73.08,381.85,1
1582.12,5.82,15.34,58.37,509.08,1
1235.36,7.5,26.86,57.99,339.44,1
1791.01,4.4,27.29,62.52,524.37,1
743.32,9.66,28.68,96.17,50.0,0
1122.54,3.37,31.64,100.0,247.03,1
913.27,11.14,31.19,73.26,546.89,0
453.39,0.76,29.29,63.03,362.55,0
1166.93,7.3,33.98,52.34,431.13,0
1151.3,7.43,20.41,77.03,197.98,1
1805.38,3.61,30.52,96.74,677.18,1
1452.32,7.27,31.13,66.29,578.58,1
790.33,9.84,21.8,34.32,369.9,0
1941.64,0.0,20.49,80.05,339.3,1
1688.41,7.51,24.27,84.78,554.44,1
1432.84,0.0,24.69,46.21,697.37,0
1109.41,3.1,31.77,72.65,543.06,0
816.22,10.89,24.93,76.77,725.77,0
1051.12,4.25,23.72,68.9,261.65,0
1635.5,2.48,24.94,58.14,277.09,1
1953.83,5.41,33.59,85.24,221.66,1
1817.3,12.2,28.07,63.95,466.26,1
1004.46,0.5,27.1,47.72,426.34,1
752.15,2.85,27.45,39.26,377.21,0
1256.35,10.49,34.46,88.91,521.39,0
492.62,11.57,24.25,79.25,584.85,0
1329.27,5.69,34.58,71.32,171.15,0
1140.96,2.28,29.05,63.4,310.45,0
1013.59,12.29,27.2,62.07,523.02,0
562.12,10.78,40.5,53.86,329.84,0
1405.44,8.04,22.72,63.53,280.27,1
986.92,3.56,26.23,38.2,552.78,0
732.03,5.85,21.84,58.96,206.57,0
200.0,5.52,32.76,65.34,354.76,0
1188.99,6.99,36.45,79.15,449.3,0
1908.9,10.35,36.35,69.4,313.93,1
1864.5,8.64,34.12,81.92,517.47,1
1017.16,2.77,27.01,90.24,314.67,1
959.12,10.13,26.17,85.87,611.29,1
1387.51,6.94,19.64,77.06,381.14,1
800.65,8.06,38.18,70.18,500.69,0
1320.72,10.4,30.34,55.29,511.9,0
1506.43,2.67,25.54,81.1,305.87,1
1690.77,5.89,34.64,95.2,91.98,0
1159.94,4.41,23.14,75.13,454.11,1
1118.53,1.3,30.03,98.76,410.84,1
848.81,7.04,27.14,47.12,483.37,0
869.25,13.53,31.19,52.69,366.02,0
1109.41,0.48,27.68,82.83,335.44,1
1346.95,5.9,20.75,73.96,701.27,1
1565.43,7.92,28.38,89.71,179.15,1
878.73,6.37,33.24,69.77,510.09,0
1797.08,5.66,27.85,56.98,313.81,1
1091.55,2.1,31.88,66.8,349.63,0
1191.45,6.7,22.77,47.01,352.43,0
901.12,3.73,27.87,53.07,279.48,0
230.3,0.0,24.88,84.59,485.68,0
1553.62,9.58,31.73,83.09,608.6,1
1494.74,8.88,28.16,75.45,470.5,1
1087.47,6.15,31.45,44.18,415.51,0
1226.8,6.69,33.44,64.62,252.03,0
1406.38,9.22,31.46,51.63,477.52,0
574.98,6.67,29.37,87.65,723.45,1
988.38,8.71,23.01,61.24,342.9,0
1517.71,5.11,27.99,53.71,343.6,1
698.28,9.94,25.33,70.45,315.84,0
1317.42,6.96,26.28,60.4,326.59,0
657.37,6.58,26.13,92.26,50.0,0
1386.57,2.19,23.1,58.98,460.76,1
1185.74,6.86,18.21,49.01,273.17,0
553.95,3.5,24.66,37.71,158.46,0
1665.9,4.09,28.97,69.54,512.98,1
906.16,3.55,21.26,61.57,237.7,0
875.9,2.8,28.08,48.57,349.2,0
1280.23,12.37,37.5,87.84,619.97,1
1659.45,9.99,33.12,80.01,188.62,1
793.67,11.76,36.22,69.58,170.11,0
1224.67,2.33,29.96,90.46,440.4,1
1371.53,6.21,33.84,79.94,572.42,1
1477.24,2.12,24.38,57.66,163.85,1
1270.58,3.91,24.78,54.41,461.15,0
1053.19,3.25,14.3,82.27,487.15,1
868.96,9.72,33.93,75.95,91.13,0
1234.46,4.81,35.7,72.55,519.78,1
771.14,9.21,25.23,57.3,531.49,0
200.0,7.81,26.73,79.12,353.23,0
1374.62,12.91,24.23,58.67,587.85,1
1561.57,1.56,29.91,68.47,570.47,1
254.83,9.78,33.62,91.7,415.47,0
796.11,9.44,19.29,60.09,332.28,0
1447.66,3.08,30.05,46.41,254.08,0
2023.0,9.02,26.62,54.21,394.37,1
1208.32,7.01,28.57,84.91,485.46,1
908.8,5.32,30.29,73.82,351.37,0
1126.84,3.53,27.06,68.07,70.37,0
1749.95,3.84,27.48,62.36,590.31,1
941.61,12.15,26.93,77.28,428.53,0
880.32,6.0,32.85,57.26,343.06,0
1006.9,8.35,30.09,74.58,528.57,0
818.67,3.63,29.1,59.03,628.7,0
1249.07,3.66,21.65,56.54,50.0,0
1849.87,9.25,26.11,60.44,465.14,1
1329.23,1.95,32.49,64.37,186.0,0
1099.06,4.75,28.19,69.27,474.87,0
1083.28,6.1,31.3,73.53,419.19,1
574.72,6.33,36.83,20.0,495.36,0
1553.24,5.46,33.19,57.89,325.11,1
1168.87,7.19,28.47,64.13,119.01,0
1127.81,8.08,25.45,92.58,332.44,0
2477.24,8.2,15.23,53.8,461.03,1
1319.5,3.04,27.16,72.44,552.31,1
899.28,5.15,26.37,92.43,224.23,1
1029.46,9.58,29.95,50.31,554.06,0
1659.38,8.68,27.23,75.91,302.82,1
1245.31,1.88,26.4,57.97,454.37,1
624.69,7.05,19.1,62.43,323.52,0
1567.69,0.07,23.3,57.95,427.33,1
932.74,6.14,30.38,59.02,533.78,0
1949.32,11.69,36.58,100.0,215.95,1
1632.02,3.16,27.51,82.67,298.01,0
1021.07,3.5,29.64,86.53,427.74,1
1712.41,8.29,32.76,77.38,760.24,1
1227.14,1.37,23.95,45.91,270.52,1
1541.11,4.1,29.83,75.92,706.02,1
1393.89,7.79,24.3,86.09,700.66,1
861.46,4.1,32.32,57.2,385.4,0
942.58,5.29,28.76,84.48,355.28,1
1611.98,8.23,29.49,80.57,296.19,1
1066.09,7.26,24.09,97.78,389.77,1
1038.54,6.8,31.54,63.73,188.99,0
817.95,4.98,38.42,53.54,388.56,0
1369.44,7.11,22.96,64.58,624.53,1
2025.01,5.63,26.3,91.53,308.34,1
772.99,7.37,29.16,42.57,363.89,0
1209.69,4.51,31.93,38.97,144.83,0
1764.89,5.45,25.2,71.34,456.11,1
1168.14,3.03,13.83,63.36,439.67,1
1380.95,5.89,34.8,70.12,409.56,0
775.04,3.57,31.8,84.18,367.48,1
1371.32,2.66,19.29,61.71,356.09,1
1125.14,6.78,24.96,41.9,475.29,1
1594.29,6.64,35.84,100.0,395.68,1
1674.95,8.35,35.24,55.04,447.25,1
2235.83,4.71,32.69,54.11,432.25,1
1431.85,7.22,27.12,86.56,568.51,1
1330.32,7.65,28.41,64.23,501.55,0
1277.75,7.33,27.35,69.05,428.93,1
1058.73,3.52,33.64,77.24,627.76,1
1335.39,6.45,23.62,86.25,463.04,0
1081.84,7.09,23.97,65.0,595.74,0
1267.38,6.02,33.05,92.8,491.04,1
1727.04,0.0,27.78,37.96,123.71,1
797.38,6.48,34.89,81.4,595.73,1
1655.95,12.64,24.64,57.41,420.28,0
1726.85,4.92,27.73,90.58,392.21,1
1152.77,3.82,23.39,72.13,442.2,1
351.26,7.12,28.04,59.91,348.25,0
956.87,6.94,20.61,79.94,434.05,0
1718.8,9.58,25.56,83.4,311.22,1
1190.85,2.23,20.82,79.63,591.14,1
800.28,8.19,31.47,54.55,382.96,0
998.09,7.77,31.58,62.74,342.61,0
1536.25,5.57,19.35,69.94,261.26,1
1418.69,7.02,34.67,69.38,440.32,0
1104.43,9.09,40.49,81.25,428.07,0
1053.27,8.62,28.23,39.78,458.26,0
1043.3,2.57,24.79,75.01,245.91,0
831.04,8.46,42.12,65.65,159.82,0
1846.15,5.81,21.41,57.42,493.84,0
1071.07,6.22,28.1,58.86,622.7,0
1686.86,6.22,28.9,66.78,246.05,1
1808.53,5.55,34.73,20.0,638.42,1
1599.32,9.58,29.8,59.48,442.59,0
1027.35,5.75,25.51,56.86,398.94,0
1361.49,2.64,23.24,77.99,340.37,1
1190.32,4.82,26.29,57.92,192.32,0
838.52,6.54,22.97,66.77,548.16,1
1329.74,9.69,28.24,93.13,283.66,1
728.38,7.81,25.18,84.92,283.03,0
1675.07,3.45,20.53,83.53,548.79,1
1014.15,13.46,34.28,62.5,117.55,0
1280.46,6.79,25.51,78.15,171.46,0
1313.32,9.83,21.66,66.49,397.28,0
1096.44,5.54,27.16,67.06,443.99,1
1434.68,7.6,28.34,76.15,472.71,1
1010.04,8.52,19.27,61.05,354.73,1
1548.52,9.65,29.66,92.4,779.56,1
661.61,9.17,22.76,67.6,365.82,0
1250.55,8.62,36.56,79.28,365.38,0
1975.57,5.05,30.62,91.83,280.45,1
799.87,4.28,26.0,85.47,418.59,0
928.9,7.0,24.27,48.87,492.24,0
1405.56,8.8,27.48,76.67,580.54,1
1271.83,5.33,31.06,82.76,176.61,0
1340.25,9.2,27.87,83.38,363.1,1
1395.67,10.36,26.91,53.3,467.01,0
1453.89,3.25,28.29,60.14,488.06,0
1643.88,3.49,24.98,84.92,400.98,1
1363.93,5.58,26.28,58.57,481.36,1
1103.5,6.92,17.57,65.5,278.66,0
1469.03,4.43,32.87,93.64,633.69,1
1959.95,10.06,29.49,69.28,548.89,1
1146.95,7.27,24.13,59.1,198.26,0
810.19,6.12,37.49,56.84,238.73,0
1642.83,1.69,28.44,74.99,242.96,1
1151.85,2.05,22.82,50.0,501.7,1
330.93,6.84,32.28,66.29,207.29,0
1538.97,0.0,29.99,75.0,350.35,1
985.87,9.04,29.97,89.49,468.21,1
1163.79,5.53,25.87,80.01,390.08,0
1332.79,15.0,30.25,59.29,438.83,0
1276.2,12.92,26.69,87.68,240.13,0
1483.78,5.46,30.78,65.51,489.23,1
1025.81,5.68,18.48,51.46,308.02,1
1405.24,8.99,25.83,67.42,351.31,0
1096.18,11.11,36.61,91.57,435.66,0
1495.52,1.09,24.16,72.48,415.46,1
1446.15,0.64,24.98,70.19,403.6,1
825.82,4.13,25.76,94.56,287.41,1
1634.39,7.75,21.93,48.53,355.07,0
985.61,7.49,16.96,50.72,400.33,0
1523.22,9.21,26.85,45.76,193.74,0
1346.91,2.4,28.68,75.59,330.62,1
1935.27,0.0,27.74,72.5,458.15,1
1110.61,8.57,27.28,93.14,208.38,0
1060.27,3.52,28.22,73.65,573.49,1
1192.23,0.0,33.11,63.94,590.44,1
1078.73,6.44,27.05,70.03,213.23,0
1519.98,8.38,25.13,71.77,603.64,1
553.48,5.63,26.59,44.92,378.46,0
778.53,4.63,30.9,100.0,462.78,1
772.88,5.52,35.06,77.8,325.5,1
1580.12,4.89,24.86,73.15,538.46,1
1884.25,1.96,28.49,79.23,460.91,1
1158.22,3.86,29.69,80.64,277.88,1
1132.47,7.56,23.04,67.89,225.22,0
1228.02,6.97,28.1,60.53,180.95,0
1664.75,6.5,20.67,78.99,428.19,1
829.06,3.01,19.15,75.79,485.87,1
1295.35,5.46,29.83,57.85,497.64,1
1590.08,0.0,26.08,91.29,382.3,1
1400.44,6.54,29.01,74.4,226.45,0
1275.83,10.29,27.91,80.95,297.69,0
1600.42,1.58,23.12,90.88,572.85,1
200.0,4.24,27.77,70.33,327.31,0
1471.15,6.99,21.83,74.75,421.51,1
938.37,9.76,34.95,82.15,238.65,0
467.75,4.66,21.22,59.13,450.49,0
1404.48,3.92,27.02,70.81,331.35,1
1749.46,0.09,22.79,71.88,557.01,1
1145.02,6.31,30.85,55.66,516.03,0
1581.15,12.13,26.34,100.0,325.64,1
1844.91,6.83,25.41,48.89,381.0,1
1725.97,5.93,32.27,50.53,317.33,1
1855.99,6.97,28.15,89.71,187.09,1
1496.85,5.97,30.58,80.7,271.38,1
1230.17,3.56,23.09,54.61,429.73,0
559.21,8.47,20.98,79.11,448.79,0
1101.58,6.68,28.54,92.02,422.28,1
862.7,6.05,26.41,69.55,354.74,0
2068.38,3.07,31.13,100.0,539.96,1
1129.65,9.91,27.6,44.14,409.53,0
1249.28,7.99,29.03,80.41,505.49,1
1420.59,4.34,19.88,87.5,133.93,0
1217.44,9.01,37.44,83.37,50.0,0
1878.02,4.51,27.18,66.93,442.57,1
950.94,3.65,31.49,65.64,186.29,0
1277.84,3.72,23.82,76.66,368.13,1
903.01,0.69,29.54,82.24,354.69,1
671.99,7.41,21.49,79.04,638.11,0
955.29,0.51,30.26,85.6,460.0,1
1185.19,2.31,26.22,54.72,424.88,1
1028.28,0.0,28.15,66.58,525.55,1
923.03,5.74,31.49,55.9,455.27,0
637.47,5.55,21.84,64.21,331.35,0
1166.76,5.02,24.58,85.23,560.72,1
598.11,2.87,30.29,71.62,233.54,0
1504.02,2.48,38.49,100.0,448.49,1
1232.98,7.39,27.31,72.9,167.86,0
616.98,4.35,30.96,70.9,430.59,0
1076.32,6.95,27.47,71.59,428.95,0
899.14,3.34,37.71,60.43,651.47,1
1327.67,6.54,19.26,69.13,165.25,1
1736.18,9.91,28.47,86.92,309.87,1
449.93,7.76,19.87,71.71,523.4,0
1246.01,4.76,15.47,58.1,450.3,1
1135.95,6.77,29.49,56.12,427.05,1
1468.54,5.28,28.7,63.25,256.58,0
1285.28,6.02,26.58,71.11,311.38,1
899.21,5.02,27.47,87.9,586.76,1
1072.38,5.51,43.49,49.89,392.27,0
881.59,6.64,26.71,65.2,456.3,0
1630.4,3.02,30.55,72.16,382.72,1
1208.52,2.95,24.75,42.49,222.54,0
1960.48,1.83,29.48,57.5,540.07,1
1175.74,1.2,26.81,59.8,475.48,1
916.64,2.35,25.95,58.06,745.85,1
594.51,6.48,37.09,72.88,247.66,0
478.74,3.32,33.89,67.59,523.39,0
566.35,7.54,28.68,61.67,203.27,0
1306.85,6.1,16.48,76.42,423.6,0
1403.49,0.09,26.19,95.85,546.48,1
567.52,7.96,41.52,94.59,89.18,0
1558.02,8.43,26.85,41.16,369.26,0
1006.78,3.02,33.52,78.66,315.52,0
1258.72,7.26,35.21,67.33,294.71,0
1844.89,3.43,29.09,72.33,457.78,1
1558.74,6.29,23.79,64.03,568.1,1
1092.59,2.21,15.82,71.76,380.01,1
843.52,0.62,31.42,72.27,430.82,1
339.27,4.85,23.93,61.32,417.15,0
912.34,5.63,28.88,56.55,400.27,0
1115.55,4.81,21.75,63.27,236.6,0
805.13,2.45,26.67,73.51,566.27,1
1147.5,4.8,28.17,78.98,444.28,1
1230.74,6.81,29.34,82.8,459.23,0
1110.06,5.87,22.43,62.59,279.02,0
940.0,6.55,33.98,74.26,331.12,1
1267.46,3.99,25.02,84.44,373.58,0
1376.78,9.52,19.63,87.48,169.88,1
763.84,2.47,27.45,69.12,146.79,1
1764.37,7.46,28.17,66.69,309.89,1
1160.56,9.55,28.8,72.87,478.38,0
1207.54,7.44,34.81,52.75,302.03,0
1483.29,5.39,26.82,67.1,247.18,0
1293.29,4.42,27.4,81.17,277.8,0
1581.25,9.11,22.48,79.63,331.7,1
1314.85,1.73,32.1,65.95,346.92,0
955.03,3.09,28.92,73.27,724.83,1
1344.6,4.81,25.9,57.63,558.19,1
742.51,9.71,18.48,80.55,553.72,0
1243.42,7.14,35.22,68.83,575.29,1
1186.71,3.1,21.86,65.86,250.18,1
1116.75,5.07,25.04,64.57,216.65,0
1148.58,4.16,29.79,69.06,233.97,0
447.26,3.87,22.02,63.28,600.18,0
980.51,8.94,20.53,79.87,317.92,0
1237.14,1.88,17.38,64.07,212.3,0
1263.94,10.83,31.6,93.89,335.35,0
788.93,8.48,25.27,91.98,364.21,0
1706.28,9.27,42.64,56.63,440.26,1
853.53,4.61,23.03,71.05,437.64,0
1587.78,5.55,23.39,60.24,275.77,0
1370.88,1.7,25.17,65.1,502.85,1
941.51,4.43,29.22,100.0,304.12,1
1910.12,7.48,25.65,65.39,376.56,1
722.55,9.89,31.06,75.4,503.02,1
1567.66,2.68,23.11,78.12,303.73,1
1600.23,4.9,21.09,54.99,314.6,0
931.75,5.55,19.01,57.17,488.75,0
1756.99,1.81,16.88,51.91,271.34,1
1099.98,7.77,25.41,56.71,342.28,0
1315.48,3.83,26.5,27.25,483.36,0
1304.13,5.41,24.84,78.17,708.11,1
1146.28,4.64,34.22,100.0,490.81,1
1524.32,3.63,34.14,72.22,470.9,1
1517.4,5.98,26.33,48.76,479.62,1
500.59,5.35,19.03,60.36,239.02,0
1721.74,4.88,25.17,63.12,417.34,1
535.0,3.81,25.0,54.74,395.54,0
1613.02,6.96,24.71,82.9,448.24,1
1650.68,10.96,24.51,82.15,417.48,0
763.61,6.42,24.73,52.67,456.95,0
1035.67,8.99,26.07,80.88,353.28,0
757.72,1.83,24.82,92.9,408.79,1
1114.03,6.47,29.04,98.54,215.83,0
1076.79,2.71,29.8,100.0,352.01,1
1511.86,1.57,23.45,56.47,608.63,1
1724.12,3.78,34.36,100.0,447.82,1
1758.27,9.58,23.1,64.69,396.86,0
975.13,8.85,19.91,61.11,684.42,0
1116.31,6.73,29.9,74.91,195.87,0
526.62,1.4,23.91,61.27,233.58,0
877.65,5.41,29.61,75.99,656.91,1
1585.94,6.91,15.98,50.2,406.89,1
1846.23,6.53,34.96,66.42,363.61,1
706.26,0.47,31.36,89.28,220.12,0
963.01,3.33,20.5,69.14,467.15,1
1189.44,5.81,20.61,72.12,481.67,1
1312.06,7.61,36.36,77.13,235.83,1
876.16,0.0,24.31,87.56,378.96,1
1369.62,5.51,23.83,45.17,349.67,0
1010.46,6.43,16.67,78.77,438.4,0
1194.22,8.55,26.25,65.98,232.11,0
1418.51,8.08,26.86,72.5,587.79,1
1202.57,7.75,31.58,85.9,537.37,1
1025.45,3.6,21.0,52.09,345.52,0
1156.16,0.28,20.4,54.81,367.54,1
1164.65,4.82,30.25,40.97,379.54,0
1052.0,9.0,33.03,61.76,283.25,0
1096.48,10.18,20.14,89.96,333.49,0
1839.46,8.13,33.41,68.19,359.46,1
1424.37,7.29,28.19,49.9,641.93,0
1081.81,7.14,33.46,62.71,541.99,1
1478.78,4.33,27.65,47.68,540.2,1
1066.47,5.61,15.39,53.12,455.49,0
1669.25,11.01,27.24,75.83,232.4,0
1347.86,3.17,33.3,52.39,393.78,0
1157.08,10.84,23.53,86.69,545.57,1
1379.09,5.03,26.06,68.93,211.26,1
571.65,9.98,27.12,71.28,495.48,0
749.29,1.78,13.5,65.82,748.39,0
722.43,7.76,36.36,81.59,559.27,0
1257.18,3.79,23.49,81.75,612.1,1
1893.01,1.75,30.53,75.03,432.75,1
2092.52,6.66,27.57,78.47,545.19,1
1455.22,9.03,34.29,66.82,292.32,0
1400.34,3.47,30.03,78.13,519.38,1
479.58,1.5,26.83,64.93,498.16,0
982.93,5.72,23.53,70.03,443.49,1
884.89,5.74,31.99,65.88,597.4,1
951.66,7.64,18.63,63.14,319.18,0
1132.74,8.85,31.23,59.66,371.94,0
1011.16,5.82,22.5,77.02,414.32,0
408.28,11.57,34.26,89.66,245.56,0
1499.16,6.67,28.81,87.57,434.04,1
770.9,4.96,31.22,51.15,142.16,0
1295.7,1.17,28.41,89.34,557.04,1
2029.63,5.21,19.24,65.23,407.0,1
832.25,4.99,23.7,79.01,321.87,0
200.0,8.88,31.36,56.41,274.84,0
1085.6,7.39,28.83,72.13,364.81,0
1640.38,2.46,33.9,74.71,503.24,1
1983.34,6.52,30.02,47.73,482.16,1
708.18,8.01,23.17,79.12,294.17,0
1398.68,10.58,24.02,90.19,273.09,1
1013.88,8.66,28.51,67.38,498.53,0
1157.62,8.28,16.43,90.4,291.65,1
2257.74,6.18,36.37,67.15,408.99,1
598.81,7.16,30.21,82.74,418.56,0
1301.5,9.75,34.14,36.72,446.81,0
1387.08,2.0,20.1,100.0,528.74,1
1634.31,4.95,34.22,92.43,210.56,1
1239.19,3.68,39.16,65.73,113.33,1
1323.22,7.14,21.4,40.42,314.88,0
1043.34,9.69,31.86,74.32,670.23,1
1307.65,4.21,28.01,48.34,703.33,1
1062.72,0.0,20.28,76.67,674.68,1
1448.63,4.76,30.46,76.17,371.05,1
1052.16,8.74,32.17,55.88,132.68,0
1350.84,7.61,24.99,86.81,50.0,0
1188.29,7.28,33.83,82.08,307.89,0
1650.42,5.16,19.67,84.64,370.29,1
1179.44,2.16,20.53,70.13,595.09,1
490.79,7.55,28.68,48.77,530.17,0
1704.77,3.5,28.13,84.67,434.11,0
837.71,12.55,24.42,65.94,266.52,0
938.49,7.71,32.05,49.15,255.88,0
961.74,4.26,30.65,90.28,438.12,0
1749.78,4.17,32.29,100.0,504.56,1
345.73,5.72,27.38,69.38,458.78,0
2455.1,5.28,31.01,100.0,244.81,1
1622.42,9.35,25.77,71.37,497.6,1
1289.3,6.56,38.27,64.29,463.89,1
1178.04,3.81,23.94,60.54,239.4,0
1314.22,11.67,38.53,94.56,282.35,0
1408.45,6.15,28.17,58.3,503.27,0
1458.09,8.31,21.12,81.03,364.82,0
1422.24,4.18,34.84,61.61,638.37,1
1235.83,7.09,28.63,63.1,475.17,1
1121.06,6.93,32.26,85.45,327.01,0
1139.49,0.33,34.12,64.3,398.47,1
1122.04,12.05,29.69,63.93,409.51,0
1653.51,9.87,25.04,86.99,290.74,0
1437.42,4.81,32.88,93.96,263.11,1
200.0,2.69,28.0,79.67,505.21,0
1462.36,7.04,31.43,60.18,526.79,0
1277.89,6.26,17.23,62.34,490.57,0
1192.52,7.07,30.23,71.2,627.3,1
1044.59,6.57,24.81,74.81,318.73,0
1649.65,7.52,36.27,55.18,651.14,1
1579.01,10.34,31.12,80.85,264.86,0
890.85,7.7,29.2,71.28,248.1,0
1362.82,2.85,30.43,44.26,136.01,1
811.34,10.09,23.01,56.07,333.13,0
648.15,10.92,36.12,62.44,324.44,0
949.31,15.0,37.96,68.91,478.89,0
1544.96,2.63,29.96,98.34,436.58,1
1581.25,6.73,35.95,73.57,221.05,1
1405.23,0.0,25.15,57.39,341.09,1
1490.04,7.66,24.01,73.31,344.28,1
1406.47,4.36,28.2,64.72,133.6,1
943.41,11.77,30.17,74.87,252.86,1
1372.77,3.68,26.03,78.71,284.38,1
1520.16,0.93,30.69,88.14,615.04,1
1501.72,4.59,29.53,69.64,428.72,0
1675.57,0.07,23.01,94.58,499.33,1
1483.32,8.25,30.59,83.62,175.2,0
1340.58,0.0,32.32,59.39,579.13,1
1628.06,6.09,28.86,100.0,595.17,1
1189.39,0.0,33.76,74.9,100.25,0
847.25,5.04,21.91,57.47,294.2,0
1134.77,10.93,30.34,94.79,474.36,1
902.04,7.08,22.15,100.0,496.66,0
